"","AAACATTGAGCTAC-1","AAACTTGAAAAACG-1","AAAGGCCTGTCTAG-1","AAAGTTTGATCACG-1","AAAGTTTGGGGTGA-1","AAATCAACAATGCC-1","AAATCCCTGCTATG-1","AACCGATGGTCATG-1","AACGTGTGGCGGAA-1","AACTTGCTACGCTA-1","AAGAAGACGTAGGG-1","AAGACAGAAGTCTG-1","AAGAGATGGGTAGG-1","AAGATGGAAAACAG-1","AAGCACTGAGCAAA-1","AAGCACTGGTTCTT-1","AAGCGACTTACAGC-1","AAGGTCACTGTTTC-1","AAGTAACTGAGATA-1","AAGTGGCTTGGAGG-1","AATACCCTGGACGA-1","AATAGGGAACCCTC-1","AATCCGGAATGCTG-1","AATGCGTGACACCA-1","AATGCGTGGCTATG-1","AATGGCTGACACCA-1","AATTACGATTGGCA-1","AATTCCTGCTCAGA-1","AATTGTGACTTGGA-1","ACAAGAGAGTTGAC-1","ACAATCCTTAGCGT-1","ACATGGTGCAACCA-1","ACCAGTGAACGGTT-1","ACCCAAGATTCACT-1","ACCCGTTGATGACC-1","ACCCTCGACGGTAT-1","ACCGTGCTGGAACG-1","ACCTATTGCTGAGT-1","ACGAAGCTCTGAGT-1","ACGACCCTTGACAC-1","ACGAGTACCCTAAG-1","ACGAGTACGAATCC-1","ACGCACCTGTTAGC-1","ACGCGGTGTGTGGT-1","ACGGATTGGGAGGT-1","ACGGTATGGGTATC-1","ACGGTATGGTTGTG-1","ACGTAGACTACAGC-1","ACGTCGCTTCTCAT-1","ACGTTGGATATGGC-1","ACTCAGGATCTATC-1","ACTGAGACGTTGGT-1","ACTGTGGATCTAGG-1","ACTTCTGACATGCA-1","ACTTGACTCCACAA-1","AGAAACGAAAGTAG-1","AGAACAGACGACTA-1","AGACGTACCCCTAC-1","AGACTTCTCATGCA-1","AGAGATGACAGTCA-1","AGAGATGATCTCGC-1","AGAGTGCTGTGTTG-1","AGATATACTGTTCT-1","AGATCGTGTTTGTC-1","AGATCTCTATCACG-1","AGCATCGAAGGGTG-1","AGCCTCTGCAGTTG-1","AGCTTTACTCTCAT-1","AGGATGCTACTAGC-1","AGGGTGGACAGTCA-1","AGGTCATGAGTGTC-1","AGGTGTTGGTTACG-1","AGTAATACCGAACT-1","AGTACTCTACGTGT-1","ATAAACACAGTGCT-1","ATAAGTACGAATGA-1","ATAATCGAGCTGAT-1","ATACGGACGAGGTG-1","ATACGGACTATGCG-1","ATAGATTGGTGTAC-1","ATCACGGATTTCGT-1","ATCATGCTGAACCT-1","ATCCCGTGCATGCA-1","ATCCCGTGGCTGAT-1","ATCCGCACGCATCA-1","ATCCTAACGACGGA-1","ATCGCAGAGTGTCA-1","ATCGCCTGTGGCAT-1","ATCGCGCTTTTCGT-1","ATCTCAACAGGAGC-1","ATGAAGGACCTGTC-1","ATGAAGGACCTTAT-1","ATGAAGGACTAGTG-1","ATGACGTGACGACT-1","ATGAGAGAAGTAGA-1","ATGCACGAATGTCG-1","ATGCACGAGAACCT-1","ATGCAGTGTTACCT-1","ATGCGATGGTTACG-1","ATGCTTTGTAGTCG-1","ATGGGTACAACCTG-1","ATTGCTTGTTACTC-1","ATTGGTCTGACTAC-1","ATTGGTCTTGTCTT-1","CAAAGCACCGTAAC-1","CAAGACTGACCTGA-1","CAAGACTGAGTAGA-1","CAAGGTTGTCATTC-1","CAAGTCGAAACAGA-1","CACAGAACCCTTGC-1","CACCGTACTAAGGA-1","CACCTGACGAAAGT-1","CACGAAACTTCCGC-1","CACGACCTCGATAC-1","CACGCTACTGTTCT-1","CACTAACTCCTAAG-1","CACTAGGATGATGC-1","CACTATACCCCGTT-1","CACTTAACCGTACA-1","CAGATCGAATGTCG-1","CAGGCCGACTAGCA-1","CAGGGCACCATACG-1","CAGGTTGAGGATCT-1","CAGTGATGGACGGA-1","CAGTGATGTAAGGA-1","CAGTGATGTACGCA-1","CAGTTACTAAGGTA-1","CATATAGATCAGGT-1","CATCATACGGAGCA-1","CATCGCTGTGGCAT-1","CATCTCCTATGTGC-1","CATGAGACACGGGA-1","CATTACACACGGAG-1","CATTGTACTCGATG-1","CATTTGTGACGACT-1","CATTTGTGGGATCT-1","CCAAGAACTCCTAT-1","CCAGAAACCCTGTC-1","CCAGCTACCAGCTA-1","CCAGGTCTACACCA-1","CCAGTCACACTGTG-1","CCATCCGAAGGTTC-1","CCCAACACCTCGCT-1","CCCAGACTGGTTTG-1","CCCAGTTGTCTATC-1","CCCTCAGACACTTT-1","CCCTGAACTAAAGG-1","CCCTGATGCAAGCT-1","CCGCTATGGGACGA-1","CCGTACACAGCGTT-1","CCTACCGAGGGATG-1","CCTAGAGAGGTGAG-1","CCTGACTGTGTCTT-1","CCTTAATGCCCAAA-1","CCTTCACTCAGTCA-1","CGAAGGGATCCGAA-1","CGAAGTACCAACTG-1","CGACAAACCGACAT-1","CGAGGAGACCTCCA-1","CGAGGGCTACGACT-1","CGATACGATTCACT-1","CGATCCACTTCCAT-1","CGCACGGAGGACGA-1","CGCACTACTCGCCT-1","CGCCATTGGAGCAG-1","CGCCATTGTACTGG-1","CGCGAGACAGGTCT-1","CGCGATCTTTCTTG-1","CGGACTCTAAACAG-1","CTAAACCTGTGCAT-1","CTAAGGTGCCTAAG-1","CTACTATGTAAAGG-1","CTAGGATGAGCCTA-1","CTAGGATGATCGTG-1","CTATAAGATCGTTT-1","CTATGTACTGTTTC-1","CTGAAGACGTGCAT-1","CTGAAGTGCAGCTA-1","CTGGATGATGTGAC-1","CTTAACACTATCGG-1","CTTAAGCTCCGCTT-1","CTTCATGAAGCATC-1","CTTGTATGACACCA-1","CTTGTATGCGCAAT-1","GAAAGCCTACGTTG-1","GAAATACTCTTAGG-1","GAAGTCACCCTGTC-1","GAAGTCTGTCGCAA-1","GAATTAACTGAAGA-1","GACAGGGAAGAGTA-1","GACAGTTGAGTAGA-1","GACCCTACTAAAGG-1","GACGATTGCCAATG-1","GACGTCCTGATAAG-1","GACTACGATGGTCA-1","GACTTTACGACAGG-1","GAGAAATGTTCTCA-1","GAGCGGCTGGGAGT-1","GAGGATCTGAAAGT-1","GAGTCTGATTTGGG-1","GAGTGACTCTTGCC-1","GAGTGACTGACTAC-1","GAGTGGGAGTCTTT-1","GAGTGGGATGCTGA-1","GATCGATGACTAGC-1","GATCGATGGTAAAG-1","GATCTACTTTGCAG-1","GATTCTTGCGAGTT-1","GATTGGACCCGTTC-1","GATTGGACGGTGTT-1","GATTGGACTTTCGT-1","GATTTAGACTAAGC-1","GCACTAGAAGATGA-1","GCACTAGACGTAAC-1","GCCTAGCTACGGAG-1","GCGAGCACTGTCGA-1","GCGCGAACGTTCTT-1","GCGGCAACGGAGGT-1","GCTACAGAATCTTC-1","GCTAGAACAGAGGC-1","GGAACTTGGGTAGG-1","GGAATCTGCTTAGG-1","GGACAGGAGTGCTA-1","GGAGAGACGTGAGG-1","GGAGCAGATTCAGG-1","GGAGCCACCTTCTA-1","GGATGTACCAAAGA-1","GGCAATACGCTAAC-1","GGCAATACGTTTCT-1","GGGAACGACACAAC-1","GGGACCTGTGGAGG-1","GGGATGGACGACAT-1","GGGCCAACGCGTTA-1","GGGCCAACTCCAAG-1","GGGTAACTCTAGTG-1","GGTACATGAAAGCA-1","GGTATCGATGAACC-1","GGTGATACCGACTA-1","GTAACGTGATCGGT-1","GTAACGTGCAGCTA-1","GTAACGTGGTTGAC-1","GTAAGCACTCATTC-1","GTAGCAACCATTTC-1","GTAGCATGCACTCC-1","GTCATACTAATCGC-1","GTCGCACTTGAGAA-1","GTGATGACCTGAGT-1","GTGATTCTTAGCGT-1","GTGTATCTAGCCTA-1","GTGTATCTGTTACG-1","GTTAAATGTCGACA-1","GTTAGGTGGAACTC-1","TAAACAACGAATCC-1","TAACAATGTGCCCT-1","TAACATGACACTAG-1","TAACTCACGTACAC-1","TAAGAGGACTAAGC-1","TAAGTAACCGAGAG-1","TAAGTAACCTCCAC-1","TACATCACGCTAAC-1","TACGCCACTCCGAA-1","TACGGAACGCGTTA-1","TACGTACTCCCGTT-1","TACTAAGAAAGGTA-1","TACTACACTTACCT-1","TACTCAACTGCTAG-1","TACTCTGATTGACG-1","TACTGTTGCTGAAC-1","TACTTGACTGGTGT-1","TAGAGCACCTTACT-1","TAGATTGACTTGTT-1","TAGCTACTGAATAG-1","TAGGAGCTAAGGCG-1","TAGGAGCTTGCATG-1","TAGGCAACCGTCTC-1","TAGGTCGAGGATCT-1","TAGGTGACACGTTG-1","TAGTATGATCTTAC-1","TATACCACCTGATG-1","TATGGGTGCTAGCA-1","TATGTCACGGAACG-1","TATGTCACTTCTCA-1","TATTGCTGCCGTTC-1","TCACGAGAGGAGGT-1","TCACTATGGTTGTG-1","TCAGCGCTGGATCT-1","TCCACTCTTACTTC-1","TCCATAACCGTAGT-1","TCCCTACTCAACTG-1","TCGAGCCTATCAGC-1","TCGATTTGTCGTGA-1","TCGCCATGTGGTCA-1","TCGGACCTATAAGG-1","TCGGTAGATCCCAC-1","TCTAAGCTTTCGCC-1","TCTCAAACCTAAGC-1","TGAAGCTGCATGGT-1","TGACACGACCTTAT-1","TGACTGGAGGACAG-1","TGAGTCGAGTTACG-1","TGATCACTTCTACT-1","TGATCGGAGGAGCA-1","TGATTAGATGACTG-1","TGATTCACTGTCAG-1","TGCCGACTCTCCCA-1","TGCGAAACAGTCAC-1","TGCGAAACGTTGCA-1","TGCGATGACTAGTG-1","TGCGATGACTGCTC-1","TGCGATGACTTGCC-1","TGCGTAGACGGGAA-1","TGGAAAGACTCTCG-1","TGGATGTGACCTAG-1","TGGATGTGTGAAGA-1","TGGCAATGCTTGTT-1","TGGGTATGGTACGT-1","TGTAGGTGCGAGAG-1","TGTATGCTCATGGT-1","TGTGATCTCTCTAT-1","TGTGGATGGCCAAT-1","TTACCATGTTGTGG-1","TTAGGGTGCTGGAT-1","TTAGTCTGAAAGCA-1","TTATCCGACTAGTG-1","TTATGCACGTCACA-1","TTATTCCTGGACAG-1","TTATTCCTGGTACT-1","TTCAGTTGTCTCGC-1","TTCCAAACCTCCCA-1","TTCTCAGAAGCATC-1","TTGAACCTCCTTGC-1","TTGAATGATCTCAT-1","TTGACACTGATAAG-1","TTGGAGACTATGGC-1","TTGGTACTGAATCC-1","TTGGTACTGGATTC-1","TTGTACACGTTGTG-1","TTGTAGCTCTCTTA-1","TTTAGAGATCCTCG-1","TTTCAGTGTCACGA-1","TTTCAGTGTGCAGT-1","TTTCTACTGAGGCA-1","TTTCTACTTCCTCG-1","TTTGCATGAGAGGC-1"
"B2M",75,63,118,10,57,26,9,28,23,54,9,23,21,19,43,51,17,11,6,23,10,42,80,41,28,24,17,11,20,14,26,42,27,25,18,12,31,8,145,33,15,37,20,66,22,21,17,22,13,10,23,36,67,14,29,12,20,25,18,14,41,23,32,20,23,33,19,37,17,34,9,25,16,17,33,14,18,25,16,34,23,109,6,25,47,13,25,12,16,20,34,20,15,28,8,16,41,14,46,16,18,45,57,6,25,22,40,35,31,46,20,20,17,25,21,32,13,27,24,23,24,15,116,8,42,4,39,25,53,26,26,11,9,23,37,20,8,13,18,22,11,15,97,38,26,24,10,23,24,33,44,17,24,22,28,33,21,26,31,15,17,7,18,18,31,33,36,35,20,57,13,24,87,56,22,54,50,11,6,16,54,23,29,12,14,17,24,28,41,53,61,43,14,61,11,25,25,32,12,15,20,21,16,7,21,26,29,25,55,19,17,113,19,7,18,3,27,10,11,21,22,15,20,35,25,68,13,14,29,21,26,18,38,27,14,22,11,9,11,15,40,12,101,20,23,109,10,17,49,62,55,24,45,21,71,28,65,6,16,23,40,21,15,5,11,80,34,82,13,17,13,19,17,5,16,12,20,24,32,75,39,20,8,30,15,20,17,38,25,10,19,39,16,31,6,20,24,6,20,21,36,17,17,22,48,33,10,36,36,32,13,29,13,33,14,16,17,13,26,26,22,35,51,30,14,32,34,61,32,71,18,20,34,26,47,34,31,29,30,17,11,58,13,16
"PPBP",0,0,0,0,0,0,1,0,0,0,0,0,0,0,0,0,0,0,0,0,0,0,0,0,0,0,0,0,0,0,0,0,0,0,0,0,0,0,0,0,0,0,0,0,0,0,0,0,0,0,0,0,0,0,0,0,0,0,0,0,1,0,0,0,0,0,0,0,0,0,0,0,0,1,0,0,0,0,0,0,0,0,0,0,0,0,0,0,0,0,0,0,0,0,0,0,0,0,0,0,0,0,0,0,0,0,0,0,0,0,0,0,0,0,0,0,0,0,0,0,0,0,0,0,0,0,0,0,0,0,0,0,0,0,0,0,0,0,0,0,0,0,0,0,0,0,0,0,0,0,0,0,0,0,0,0,0,0,0,0,0,0,0,1,0,0,0,0,0,0,0,0,0,1,0,0,0,0,0,0,0,0,0,0,0,0,0,0,0,0,0,0,0,0,0,0,0,0,0,0,0,0,0,0,0,0,0,0,0,0,0,0,0,0,0,0,0,0,0,0,0,0,0,0,0,0,0,0,0,0,0,0,0,0,0,0,0,0,0,0,0,0,0,0,0,0,0,0,0,0,0,0,0,0,0,0,0,0,0,0,0,0,0,0,0,0,0,0,0,0,0,0,0,0,0,0,0,0,0,0,0,0,0,0,0,0,0,0,0,0,0,0,0,0,0,0,0,0,0,0,0,0,0,0,0,0,0,0,0,0,0,0,0,0,0,0,0,0,0,0,0,0,0,0,0,0,0,0,0,0,0,0,0,0,0,0,0,0,0,0,0,0,0,0
"TMSB4X",62,61,122,10,28,14,5,20,23,28,22,12,16,9,51,49,26,22,7,33,25,54,64,16,35,38,22,19,21,17,18,19,18,16,13,17,24,23,142,26,20,60,17,32,16,12,13,22,11,13,32,78,69,20,13,9,19,11,22,13,52,48,15,24,23,20,13,18,23,21,17,28,21,18,31,19,11,9,23,25,20,13,3,16,32,15,19,11,23,13,50,10,8,12,16,13,20,18,22,9,31,14,65,14,24,10,31,18,32,42,12,38,10,15,11,11,9,18,22,15,34,12,117,10,22,8,25,16,16,47,14,8,6,11,15,18,10,12,11,17,8,11,15,17,24,44,15,12,33,17,20,7,11,24,27,7,15,22,22,8,12,6,16,15,24,8,22,11,11,17,13,13,31,18,24,76,41,23,14,21,22,41,76,11,23,19,26,22,22,4,36,16,12,19,13,20,10,18,12,13,20,15,14,12,24,22,10,16,57,23,16,75,14,7,17,13,30,11,7,12,11,8,23,44,9,56,27,7,40,21,30,22,11,26,12,12,13,22,27,20,23,15,49,18,18,83,9,17,16,35,54,17,25,24,48,17,12,8,17,49,10,15,40,3,8,36,12,26,18,14,15,17,35,4,19,18,40,13,21,22,27,11,9,14,4,14,22,57,17,18,18,15,9,31,6,13,14,27,17,17,19,12,10,28,28,26,18,30,52,11,12,48,12,45,30,15,19,10,8,25,17,23,55,24,15,11,39,16,22,24,22,11,18,19,33,17,14,12,23,14,16,11,59,22
"ACTB",28,35,21,3,4,10,4,17,5,12,8,8,2,6,12,23,4,4,6,7,3,7,36,5,5,12,4,12,9,5,3,6,16,3,11,6,13,4,48,10,5,16,6,11,3,12,3,6,2,6,11,21,13,11,9,7,4,12,9,8,12,6,6,6,4,6,2,8,8,5,9,3,2,5,17,3,5,3,2,5,8,6,2,13,6,6,9,7,4,9,8,4,0,5,8,6,7,5,13,9,5,4,7,0,9,2,14,1,6,12,8,4,9,1,5,4,4,12,2,13,8,2,43,7,12,0,11,8,14,7,5,3,5,3,3,8,5,0,8,3,8,7,5,22,8,11,10,4,3,3,8,5,2,6,6,4,8,12,6,4,16,1,4,3,2,2,9,12,8,14,3,2,21,13,7,26,4,13,1,8,9,5,13,5,5,5,7,4,14,4,12,5,11,7,7,7,3,7,0,2,12,1,5,3,7,4,7,3,13,9,2,25,3,3,9,0,9,6,3,7,1,5,7,7,9,15,6,3,8,6,4,4,5,10,6,10,0,11,21,9,10,4,9,10,7,25,4,3,5,20,32,6,19,3,8,6,2,3,8,6,8,9,0,6,1,6,3,16,7,2,3,5,3,8,6,3,6,6,11,4,9,6,1,3,3,6,7,13,2,6,9,5,10,9,7,5,10,1,9,8,6,4,1,6,7,15,1,19,18,11,9,11,2,19,6,4,1,5,8,13,6,12,11,9,9,8,6,2,19,9,6,4,3,8,7,7,7,7,7,8,2,26,4,5
"FTL",10,4,17,7,7,11,3,6,11,12,5,3,6,4,9,6,8,10,3,7,6,4,6,14,11,9,6,5,8,6,5,9,6,8,9,6,10,5,19,10,5,20,7,13,6,6,9,3,6,5,8,15,7,6,4,9,3,3,1,6,10,7,9,8,4,15,6,10,10,9,2,9,5,4,31,3,1,9,6,13,7,11,2,6,19,4,6,6,6,4,2,2,7,9,4,11,11,4,9,6,4,6,8,3,8,10,14,9,2,3,46,1,4,6,2,4,4,7,7,7,8,2,7,3,8,1,3,7,7,5,6,0,5,3,9,12,5,10,0,4,2,7,8,12,9,8,8,5,8,8,13,8,6,9,1,5,3,6,4,5,6,2,5,3,14,6,12,13,6,13,2,4,18,15,12,8,6,5,2,48,8,6,5,6,4,4,5,8,11,2,8,3,5,9,5,2,3,5,4,7,4,2,10,5,4,10,3,10,15,1,3,8,8,4,2,5,9,9,2,7,9,4,5,13,4,46,3,2,4,9,7,4,11,4,6,4,10,4,4,12,4,4,5,3,2,10,5,9,9,7,11,7,10,4,8,3,29,3,3,8,7,1,9,2,1,11,2,17,7,6,9,4,12,1,6,1,13,5,13,7,7,40,3,6,5,11,1,6,4,7,7,5,5,7,5,1,1,7,5,6,4,2,4,7,1,8,5,7,10,9,3,6,2,6,4,3,3,10,6,5,6,11,10,10,3,11,8,2,8,6,8,7,3,7,12,7,5,9,8,5,2,11,10,5
"CLU",0,0,0,0,0,0,0,0,0,0,0,0,0,0,0,0,0,0,0,0,0,0,0,0,0,0,0,0,0,0,0,0,0,0,0,0,0,0,0,0,0,0,0,0,0,0,0,0,0,0,0,0,0,0,0,0,0,0,0,0,0,0,0,0,0,0,0,0,0,0,0,0,0,0,0,0,0,0,0,0,0,0,0,0,0,0,0,0,0,0,0,0,0,0,0,0,0,0,0,0,0,0,0,0,0,0,0,0,0,0,0,0,0,0,0,0,0,0,0,0,0,0,0,0,0,0,0,0,0,0,0,0,0,0,0,0,0,0,0,0,0,0,0,0,0,0,0,0,0,0,0,0,0,0,0,0,0,0,0,0,0,0,0,0,0,0,0,0,0,0,0,0,0,0,0,0,0,0,0,0,0,0,0,0,0,0,0,0,0,0,1,0,0,0,0,0,0,0,0,0,0,0,0,0,0,0,0,0,0,0,0,0,0,0,0,0,0,0,0,0,0,0,0,0,0,0,0,0,0,0,0,0,0,0,0,0,0,0,0,0,0,0,0,0,0,0,0,0,0,0,0,0,0,0,0,0,0,0,0,0,0,0,0,0,0,0,0,0,0,0,0,0,0,0,0,0,0,0,0,0,0,0,0,0,0,0,0,0,0,0,0,0,0,0,0,0,0,0,0,0,0,0,0,0,0,0,0,0,0,0,0,0,0,0,0,0,0,0,0,0,0,0,0,0,0,0,0,0,0,0,0,0,0,0,0,0,0,0,0,0,0,0,0,0
"PF4",0,0,0,0,0,0,0,0,0,0,0,0,0,0,0,0,0,0,0,0,0,0,0,0,0,0,0,0,0,0,0,0,0,0,0,0,0,0,0,0,0,0,0,0,0,0,0,0,0,0,0,0,0,0,0,0,0,0,0,0,0,0,0,0,0,0,0,0,0,0,0,0,0,0,0,0,0,0,0,0,0,0,0,0,0,0,0,0,0,0,1,0,0,1,0,0,0,0,0,0,0,0,0,0,0,0,0,0,0,0,0,0,0,0,0,0,0,0,0,0,0,0,0,0,0,0,0,0,0,0,0,0,0,0,0,0,0,0,0,0,0,0,0,0,0,0,0,0,0,0,0,0,0,0,0,0,0,0,0,0,0,0,0,0,0,0,0,0,0,0,0,0,0,0,0,0,0,0,0,0,0,0,0,0,0,0,0,0,0,0,0,0,0,0,0,0,0,0,0,0,0,0,0,0,0,0,0,0,0,0,0,0,0,0,0,0,0,0,0,0,0,0,0,0,0,0,0,0,0,0,0,0,0,0,0,0,0,0,0,0,0,0,0,0,0,0,0,0,0,0,0,0,0,0,0,0,0,0,0,0,0,0,0,0,0,0,0,1,0,0,0,0,0,0,0,0,0,0,0,0,1,0,0,0,0,0,0,0,0,0,0,0,0,0,0,0,0,0,0,0,0,0,0,0,0,0,0,0,0,0,0,0,0,0,0,0,0,0,0,0,0,0,0,1,0,0,0,0,0,0,0,0,0,0,0,0,0,0,0,0,0,0,0,0
"F13A1",0,1,0,0,0,0,0,0,0,0,0,0,0,0,0,0,0,0,0,0,0,0,0,0,0,0,0,0,0,0,0,0,0,0,0,0,0,0,0,0,0,0,0,0,0,0,0,0,0,0,0,0,0,0,0,0,0,0,0,0,0,0,0,0,0,0,0,0,0,0,0,0,0,0,0,0,0,0,0,0,0,0,0,0,0,0,0,0,0,0,0,0,0,0,0,0,0,0,0,0,0,0,0,0,0,0,0,0,0,0,0,0,0,0,0,0,0,0,0,0,0,0,0,0,0,0,0,0,0,0,0,0,0,0,0,0,0,0,0,0,0,0,0,0,0,0,0,0,0,0,0,0,0,0,0,0,0,0,0,0,0,0,0,0,0,0,0,0,0,0,0,0,0,0,0,0,0,0,0,0,0,0,0,0,0,0,0,0,0,0,0,0,0,0,0,0,0,0,0,0,0,0,0,0,0,0,0,1,0,0,0,0,0,0,0,0,0,0,0,0,0,0,0,0,0,0,0,0,0,0,0,0,0,0,0,0,0,0,0,0,0,0,0,0,0,0,0,0,0,0,0,0,0,0,0,0,0,0,0,0,0,0,0,0,0,0,0,0,0,0,0,0,0,0,0,0,0,0,0,0,0,0,0,0,0,0,0,0,0,0,0,0,0,0,0,0,0,0,0,0,0,0,0,0,0,0,0,0,0,0,0,0,0,0,0,0,0,0,0,0,0,0,0,0,0,0,0,1,0,0,0,0,0,0,0,0,0,0,0,0,0,0,0,0
"GNAS",1,1,0,0,0,1,0,0,0,1,0,0,0,0,0,1,0,0,0,1,0,1,0,0,0,2,1,0,0,0,1,0,0,0,1,1,1,0,1,0,1,0,0,1,0,0,0,0,0,0,0,4,2,0,1,0,0,0,0,1,0,0,0,2,0,1,0,1,0,0,0,0,0,0,0,0,0,0,0,0,0,1,1,1,1,0,0,0,0,0,0,1,0,0,0,0,0,0,0,0,0,0,2,0,0,0,0,1,1,1,0,0,0,0,0,0,0,2,1,1,2,0,2,1,3,0,0,1,0,0,0,0,0,0,0,1,0,0,0,0,0,1,0,1,0,1,0,0,0,0,0,1,0,1,0,1,0,0,0,0,0,0,0,0,0,0,0,1,0,0,0,0,1,0,0,1,0,0,0,0,0,0,0,1,0,1,0,0,0,0,0,0,0,1,0,0,0,1,0,0,0,0,0,0,0,0,0,0,0,1,0,0,0,0,0,0,0,0,0,0,0,0,1,0,0,0,0,1,0,1,0,0,0,0,1,1,0,0,0,2,0,0,0,0,1,0,0,0,0,0,2,0,1,0,0,1,0,0,0,0,2,1,0,0,0,1,1,2,0,0,0,0,0,0,0,0,0,0,0,0,2,0,1,0,0,0,0,1,0,0,0,0,1,0,2,0,0,1,0,0,0,0,0,0,1,0,1,0,1,0,0,0,0,1,0,0,0,0,0,1,1,0,0,0,0,1,0,0,0,1,1,0,0,0,0,1,0,0,1,0,0,0,0,0
"SPARC",0,0,0,0,0,0,0,0,0,0,0,0,0,0,0,0,0,0,0,0,0,0,0,0,0,0,0,0,0,0,0,0,0,0,0,0,0,0,0,0,0,0,0,0,0,0,0,0,0,0,0,0,0,0,0,0,0,0,0,0,0,0,0,0,0,0,0,0,0,0,0,0,0,0,0,0,0,0,0,0,0,0,0,0,0,0,0,0,0,0,0,0,0,0,0,0,0,0,0,0,0,0,0,0,0,0,0,0,0,0,0,0,0,0,0,0,0,0,0,0,0,0,0,0,0,0,0,0,0,0,0,0,0,0,0,0,0,0,0,0,0,0,0,0,0,0,0,0,0,0,0,0,0,0,0,0,0,0,0,0,0,0,0,0,0,0,0,0,0,0,0,0,0,0,0,0,0,0,0,0,0,0,0,0,0,0,0,0,0,0,0,0,0,0,0,0,0,0,0,0,0,0,0,0,0,0,0,0,0,0,0,0,0,0,0,0,0,0,0,0,0,0,0,0,0,0,0,0,0,0,0,0,0,0,0,0,0,0,0,0,0,0,0,0,0,0,0,0,0,0,0,0,0,0,0,0,0,0,0,0,0,0,0,0,0,0,0,0,0,0,1,0,0,0,0,0,0,0,0,1,0,0,0,0,0,0,0,0,0,0,0,0,0,0,0,0,0,0,0,0,0,0,0,0,0,0,1,0,0,0,0,0,0,0,0,0,0,0,0,0,0,0,0,0,0,0,0,0,0,0,0,0,0,0,0,0,0,0,0,0,0,0,0,0
"PTMA",13,22,12,5,8,7,3,7,4,6,5,3,5,6,10,42,7,10,5,7,8,11,14,11,1,39,7,7,5,1,12,8,12,6,3,5,6,2,17,10,6,14,4,16,3,6,7,6,3,4,5,4,13,7,13,7,3,4,1,7,14,5,15,1,9,8,6,9,6,8,3,7,7,9,6,8,2,6,5,9,1,20,3,12,16,5,7,7,6,8,8,1,2,5,6,9,9,8,10,5,9,9,18,1,8,6,5,9,9,6,7,6,2,8,7,5,3,12,8,8,11,5,23,4,15,4,9,6,3,12,7,3,4,9,5,13,6,8,2,3,17,7,11,10,6,4,7,12,12,8,6,2,10,4,12,6,1,12,4,5,12,5,4,3,8,11,15,11,5,14,3,5,8,13,5,18,9,8,6,8,17,3,6,7,5,9,11,5,12,8,17,5,5,9,9,9,4,6,5,16,7,3,13,6,5,6,6,9,14,8,11,17,7,4,6,4,5,3,3,14,6,3,19,8,5,14,5,6,6,5,5,6,6,14,7,7,13,6,9,10,8,3,2,7,5,10,2,4,5,10,14,4,8,6,13,7,9,2,7,4,15,2,3,0,6,4,13,27,11,8,3,3,8,4,5,4,2,7,5,20,13,11,6,8,3,5,7,6,10,4,6,15,14,3,4,3,10,3,3,3,4,4,4,7,7,5,4,9,14,5,10,12,4,6,5,5,6,5,5,2,9,11,17,7,6,1,6,4,14,9,2,8,4,8,14,5,5,14,12,8,3,16,5,9
"TAGLN2",7,0,2,2,0,2,1,1,1,3,3,0,0,0,2,3,1,0,2,1,0,0,1,1,1,1,0,0,1,2,2,0,1,0,1,0,2,0,8,3,0,2,2,0,1,0,0,0,1,0,1,1,0,1,3,0,1,1,0,0,0,1,1,1,1,0,1,2,2,1,0,0,1,0,2,0,1,0,0,1,1,2,0,0,1,1,0,0,0,0,4,0,0,1,0,1,2,1,1,1,0,0,1,0,1,0,0,1,0,2,0,0,0,0,0,0,0,1,1,12,0,0,33,2,4,0,0,1,0,1,1,0,0,1,0,0,0,0,1,1,0,1,1,1,0,0,0,1,2,2,0,0,2,1,0,1,0,2,0,0,1,0,0,0,0,1,3,0,0,0,3,0,7,4,2,19,0,1,1,1,1,0,1,0,0,1,1,0,2,0,1,0,2,1,0,2,0,1,0,1,1,0,1,0,1,1,0,1,0,1,0,0,2,1,0,0,0,0,0,0,1,0,1,1,1,1,1,0,0,0,0,1,2,0,0,0,1,2,0,1,1,0,0,1,0,1,0,2,0,1,1,0,0,0,1,0,1,0,0,0,0,1,1,0,1,5,1,4,1,0,1,3,0,1,0,0,0,1,0,1,1,2,0,0,0,0,0,1,0,1,0,0,0,0,0,0,2,1,1,0,1,2,3,1,0,1,0,1,0,0,0,0,0,0,0,0,1,0,0,0,0,0,3,0,0,4,0,1,1,2,11,3,4,1,0,0,0,0,0,0,0,2,0,0
"OAZ1",9,10,4,5,3,1,2,3,2,4,2,1,1,0,6,8,2,1,0,10,6,1,9,3,2,5,1,1,3,2,1,3,2,5,3,1,1,2,10,1,3,2,2,5,3,6,5,0,1,4,4,6,8,3,3,1,1,2,2,3,2,1,7,1,0,2,0,5,2,2,3,0,1,2,3,3,5,4,2,3,1,5,0,3,7,3,3,1,1,3,0,3,1,2,3,1,2,1,1,1,3,3,8,2,3,3,2,2,4,10,8,0,3,1,1,1,1,3,3,5,2,1,12,1,2,1,4,3,4,3,6,2,2,5,3,3,1,1,2,4,1,3,3,0,5,2,3,1,7,2,1,1,1,3,2,4,2,4,2,2,5,0,3,4,4,4,7,3,3,6,4,0,12,5,3,5,3,1,1,2,3,4,5,2,4,2,4,0,4,2,3,2,3,2,2,3,4,5,2,2,1,3,6,1,2,1,1,0,2,1,1,7,3,1,1,0,3,4,1,3,2,2,0,2,1,2,2,0,3,4,2,4,2,4,2,4,1,4,2,2,5,2,5,2,1,8,1,3,1,4,11,5,7,3,6,1,5,1,0,5,2,2,0,3,1,3,0,7,7,4,4,2,4,2,3,2,2,1,2,3,10,1,0,5,1,3,2,7,2,0,1,1,2,4,1,1,7,4,4,1,2,2,1,0,1,4,1,8,2,3,3,2,1,4,3,3,4,1,7,2,0,5,8,4,1,1,1,3,7,2,1,3,2,4,2,3,5,5,2,3,5,8,2,1
"OST4",0,0,1,1,2,2,0,1,0,0,0,0,0,1,1,1,1,0,1,0,1,1,0,2,1,2,1,1,1,0,0,1,0,1,1,0,1,1,4,0,1,2,1,0,1,1,0,2,1,0,0,3,1,1,1,1,1,1,0,0,0,0,1,3,0,0,0,1,1,1,0,0,1,0,2,0,0,1,1,2,0,0,0,2,2,1,0,0,1,0,0,0,0,1,0,0,1,0,3,1,2,0,1,0,0,2,0,2,1,0,1,0,1,1,1,1,1,0,1,1,0,1,3,1,0,0,0,0,0,0,0,0,0,0,1,0,0,0,0,2,2,0,0,0,0,0,1,0,1,0,0,0,1,1,0,0,0,2,0,0,0,0,0,0,0,1,3,1,1,0,0,1,4,0,2,0,1,0,0,1,0,1,1,0,1,2,1,0,0,1,4,2,1,0,2,1,1,0,0,1,0,0,0,0,0,1,1,0,0,0,1,1,0,0,2,1,0,0,0,0,0,0,1,1,0,2,0,0,0,1,1,0,1,0,0,0,0,0,0,2,0,0,0,0,2,2,0,0,1,0,0,0,0,0,2,1,0,0,1,0,0,0,1,0,1,1,0,5,0,0,0,0,0,0,1,0,2,0,0,0,1,0,0,1,0,0,0,1,0,1,2,0,0,1,0,1,1,1,1,0,1,0,0,0,2,0,0,0,0,1,1,1,0,0,0,0,0,0,0,0,0,2,0,0,0,1,0,2,0,0,0,2,1,0,1,0,0,0,3,0,1,3,1,1
