"","AAACCGTGCTTCCG-1","AAAGAGACGCGAGA-1","AAAGCAGATATCGG-1","AAAGTTTGTAGCGT-1","AAATGTTGAACGAA-1","AAATGTTGTGGCAT-1","AAATTCGAATCACG-1","AACACGTGGAACCT-1","AACAGCACAAGAGT-1","AACCGATGTTCTAC-1","AACCGCCTCTACGA-1","AACCTACTGTGAGG-1","AACTCACTCAAGCT-1","AACTCACTTGGAGG-1","AACTCGGAAGGTCT-1","AACTGTCTCCCTTG-1","AAGACAGATTACCT-1","AAGATGGAGAACTC-1","AAGATGGAGATAAG-1","AAGATTACAGATCC-1","AAGATTACCCGTTC-1","AAGATTACTCCTCG-1","AAGCCATGACACGT-1","AAGCCTGACCGAAT-1","AAGGTCACGGTTAC-1","AAGTAACTCTGAAC-1","AATCCTTGACGGGA-1","AATCTCACAGCCTA-1","AATGATACGGTCAT-1","AATGCGTGGACGGA-1","AATGGAGAATCGTG-1","AATGTTGAGTTGAC-1","ACAAATTGCTCAGA-1","ACAAGAGAAGTCGT-1","ACACGATGATGTGC-1","ACAGCAACACCTAG-1","ACAGTGTGTTGCGA-1","ACATCACTCTACTT-1","ACATTCTGGGAACG-1","ACCAGTGATGACTG-1","ACCCACTGCGCCTT-1","ACCCACTGTCGTAG-1","ACCCAGCTGTTAGC-1","ACCCTCGATAAGGA-1","ACCTTTGACTCCCA-1","ACCTTTGAGGAACG-1","ACCTTTGAGGAAGC-1","ACGATCGAGTCACA-1","ACGCCACTGAACTC-1","ACGCCGGAAACCAC-1","ACGGAGGACTCTTA-1","ACGGTATGAGTCGT-1","ACGTCAGAGAGCTT-1","ACGTCCTGATAAGG-1","ACGTCCTGTGAACC-1","ACGTCGCTCTATTC-1","ACGTTGGACCGTAA-1","ACGTTGGATCAGGT-1","ACTAAAACTCGACA-1","ACTCAGGATTCGTT-1","ACTCGCACGAAAGT-1","ACTCGCACTACGAC-1","ACTGTTACCCACAA-1","ACTTGGGAGAAAGT-1","ACTTGGGATTGACG-1","ACTTTGTGGATAGA-1","AGAAAGTGGGGATG-1","AGACACTGTCAAGC-1","AGACCTGAAGTAGA-1","AGACGTACCTCTTA-1","AGAGATGAGGTTTG-1","AGAGCGGAGGCAAG-1","AGATATTGGCCAAT-1","AGATCGTGTCTGGA-1","AGATTCCTCACTTT-1","AGATTCCTGACGAG-1","AGCATCGAGCTTCC-1","AGCATCGATAACCG-1","AGCGTAACTGAGAA-1","AGCTGCCTTGGGAG-1","AGGGCGCTAACCAC-1","AGGGTGGACTCAAG-1","AGGGTTTGTTCATC-1","AGGTTCGAACCTCC-1","AGGTTCGAACGTAC-1","AGTCTACTAGGGTG-1","AGTGTTCTCACTTT-1","AGTTATGAACAGTC-1","AGTTCTACCAGCTA-1","ATAACAACATGCTG-1","ATAATGACTCGTGA-1","ATACCACTCGTACA-1","ATACCGGACATTTC-1","ATACCGGAGGTGTT-1","ATACGGACAGACTC-1","ATACGGACCTACTT-1","ATACGGACTCTGGA-1","ATACGTCTTAACGC-1","ATACTCTGCTTCGC-1","ATAGCGTGCCCTTG-1","ATAGCGTGGTATCG-1","ATAGGAGAAACAGA-1","ATAGTCCTAGTGTC-1","ATATAGTGGAATGA-1","ATATGCCTAGATCC-1","ATCAAATGAGCCTA-1","ATCCATACTCCTTA-1","ATCGACGAAACTGC-1","ATCGCGCTCAGAGG-1","ATCGTTTGCCTACC-1","ATCGTTTGGGTACT-1","ATCGTTTGTGCCAA-1","ATCTACACCCGCTT-1","ATCTCAACCTTGTT-1","ATCTGGGAAACCAC-1","ATCTGGGAAGTGTC-1","ATCTTGACCTCCCA-1","ATGATATGTTGTCT-1","ATGCACGATTGGTG-1","ATGCCAGACAGTCA-1","ATGCCGCTTGAACC-1","ATGCGATGCTATGG-1","ATGTAAACTTCACT-1","ATGTACCTTTATCC-1","ATGTCACTAATGCC-1","ATGTTCACAGTCTG-1","ATTACCTGCCTTAT-1","ATTCCAACCATTGG-1","ATTCGACTGAATAG-1","ATTCGGGAAAGGCG-1","ATTGCACTGGAGCA-1","ATTTGCACAAGATG-1","CAAAGCTGTTGCTT-1","CAAATTGATGGAGG-1","CAACCAGAGTTCAG-1","CAACCAGATAGAAG-1","CAACGATGCGCAAT-1","CAACGTGACTCCAC-1","CAACGTGATCAAGC-1","CAAGAAGACGTCTC-1","CAAGTCGATAGCGT-1","CAATAAACGCCATA-1","CAATAATGAACTGC-1","CAATTCTGCTTGTT-1","CACAGATGGTTTCT-1","CACAGTGATGAAGA-1","CACTGAGACAGTCA-1","CAGCAATGTCTACT-1","CAGCAATGTGAGGG-1","CAGCACCTGTAGGG-1","CAGCATGACAACCA-1","CAGCCTTGCTACCC-1","CAGCTAGATGTGAC-1","CAGCTCTGTCGTAG-1","CAGGAACTCTCAGA-1","CAGGTAACAGACTC-1","CAGTTGGAAAGAGT-1","CATAAAACGGAGCA-1","CATACTACGTACCA-1","CATCAGGATGCACA-1","CATCAGGATTTCGT-1","CATCATACCGCATA-1","CATCTCCTCGAACT-1","CATGCGCTCAGATC-1","CATGGCCTAGGGTG-1","CATGTTTGGGGATG-1","CATTAGCTCCACAA-1","CATTGACTAGCGGA-1","CCAAAGTGCTACGA-1","CCAAAGTGTGAGAA-1","CCAACCTGACGTAC-1","CCAACCTGTTCGCC-1","CCAATTTGAACGTC-1","CCACTGACCCGCTT-1","CCACTGTGGGAAGC-1","CCACTTCTCGGGAA-1","CCAGACCTCTGAGT-1","CCAGCGGAAAGGCG-1","CCAGCGGACGACTA-1","CCAGGTCTAGCATC-1","CCAGTCACACTGGT-1","CCATCCGATTCGCC-1","CCCAACACTTTGTC-1","CCCAACTGCAATCG-1","CCCAGACTGCCTTC-1","CCCAGTTGCAGTTG-1","CCCGGAGAAGGGTG-1","CCCTACGAATTGGC-1","CCCTTACTAACCAC-1","CCGACTACCCAGTA-1","CCGATAGAGTTGGT-1","CCGCGAGACACACA-1","CCGCTATGTGCAAC-1","CCGCTATGTGCACA-1","CCGTACACGTTGGT-1","CCTAAGGACTAGCA-1","CCTCTACTCTTCGC-1","CCTGCAACACGTTG-1","CCTTCACTGGAGTG-1","CCTTTAGATTCATC-1","CGAACATGCCCTAC-1","CGAATCGAGGAGCA-1","CGACTGCTTCCTCG-1","CGAGAACTTGTTCT-1","CGAGCGTGTATGCG-1","CGAGGCACTATGCG-1","CGAGGCTGGCAGTT-1","CGATACGAACAGTC-1","CGATAGACCCGTAA-1","CGATAGACGTAGGG-1","CGCACTTGTCACGA-1","CGCATAGATCACGA-1","CGCCTAACGAATGA-1","CGCGATCTCAGTCA-1","CGCGATCTGTTGAC-1","CGCTACTGAACAGA-1","CGCTCATGCATTTC-1","CGGATAACAACGAA-1","CGGATAACTCAGTG-1","CGGCATCTTCGTAG-1","CGGCGAACCAGTCA-1","CGTAGCCTCTCTCG-1","CGTAGCCTGTATGC-1","CGTCAAGAAAGGTA-1","CGTGCACTTATGGC-1","CGTGTAGAGTTCAG-1","CGTTAGGATCATTC-1","CTAACACTAGTGCT-1","CTAAGGACGCCATA-1","CTAATGCTTGTGGT-1","CTACGGCTTTCTTG-1","CTACTATGAACCAC-1","CTACTATGATGTGC-1","CTACTCCTGCCATA-1","CTATACTGAGGTTC-1","CTATACTGCGCTAA-1","CTATAGCTTCGCTC-1","CTATAGCTTGCCTC-1","CTATCCCTCCACCT-1","CTATTGACAAACGA-1","CTATTGACACTGGT-1","CTATTGACGGTGAG-1","CTCAATTGGTTGCA-1","CTCAGCACTGAACC-1","CTCAGCTGAACCTG-1","CTCCTACTGCCTTC-1","CTCGAAGATTAGGC-1","CTCTAATGTCCAAG-1","CTGATTTGGTGTTG-1","CTGCCAACTAACCG-1","CTGGCACTCAAGCT-1","CTGTATACGTACGT-1","CTGTGAGACGAACT-1","CTGTGAGACTGTAG-1","CTTACAACTCCCGT-1","CTTGATTGATCTTC-1","GAAAGATGCTTCGC-1","GAAAGTGACCACAA-1","GAAATACTACCAAC-1","GAACACACGTGCAT-1","GAACTGTGCCAGTA-1","GAAGCGGACCTATT-1","GAAGCTACGAATGA-1","GAAGGGTGCTTAGG-1","GAAGTCACCCTCGT-1","GAAGTGCTCCGCTT-1","GACCAAACGACTAC-1","GACCAAACGTATCG-1","GACCTCACGTACGT-1","GACGGCACGAGATA-1","GACGTCCTCTCAAG-1","GACTCCTGTTGGTG-1","GACTGAACCAATCG-1","GAGATAGAAAAAGC-1","GAGCGCACGCGTAT-1","GAGCGCTGTCTTAC-1","GAGGTACTACTCAG-1","GAGGTACTTAGCGT-1","GAGGTTACTCGTTT-1","GAGGTTTGTAAGCC-1","GAGTTGTGCATGGT-1","GAGTTGTGGCGAGA-1","GATAAGGAGAAACA-1","GATAAGGATTCACT-1","GATACTCTTGACTG-1","GATAGAGATCACGA-1","GATAGCACGAAGGC-1","GATATATGTGGAGG-1","GATATCCTCCCGTT-1","GATCCGCTGGTCAT-1","GATCGATGTAAGGA-1","GATCTTACGAATAG-1","GATCTTACGAGATA-1","GATGCCCTGGCAAG-1","GATTCGGACAGGAG-1","GATTCTTGATTCGG-1","GATTTAGATTCGTT-1","GATTTGCTAACGGG-1","GCAACCCTCCTCGT-1","GCAATCGAGACGTT-1","GCAATCGATCCTTA-1","GCACAATGGTGCAT-1","GCACCACTCATGAC-1","GCACCACTGTTTGG-1","GCACCACTTTCGGA-1","GCACCTTGGGGAGT-1","GCACGGTGCTATGG-1","GCCACGGAGGCGAA-1","GCCGACGAACTCTT-1","GCCGTACTGGCAAG-1","GCCTGACTCTCAAG-1","GCGAGCACTTGCTT-1","GCGCACGACTTTAC-1","GCGGCAACTGTCGA-1","GCGTATGATGAGAA-1","GCTACCTGAGAAGT-1","GCTAGATGAGCTCA-1","GCTCAAGAAGTCAC-1","GCTCGACTCTAGTG-1","GCTGATGAGGTATC-1","GCTTAACTACAGTC-1","GCTTAACTTAGACC-1","GGAACACTCACTTT-1","GGAACTTGAAGGTA-1","GGAACTTGCTCCAC-1","GGAAGGACATCGGT-1","GGAATCTGCTTGTT-1","GGACCCGAAGCTAC-1","GGACCGTGCTTACT-1","GGACCTCTGTAAGA-1","GGACGAGAGTGTCA-1","GGAGCGCTACGCAT-1","GGAGGATGGTTGAC-1","GGAGGATGTCAGTG-1","GGATGTACGTCTTT-1","GGATTTCTTTGTCT-1","GGCAAGGACTTGGA-1","GGCCCAGAAAGTAG-1","GGCTCACTACTCAG-1","GGGAACGAGTGTCA-1","GGGAAGTGTTGAGC-1","GGGACCTGACCCTC-1","GGGATGGATGGTTG-1","GGGCAAGATGCATG-1","GGGCCAACTACGCA-1","GGTACTGAACTCTT-1","GGTAGTACACTAGC-1","GGTAGTACGCCATA-1","GGTATCGAGACAAA-1","GGTCTAGAGAAACA-1","GGTCTAGATAGCGT-1","GGTGATACGACTAC-1","GGTGGAGATCTCTA-1","GTAACGTGACCTCC-1","GTAAGCTGGTACCA-1","GTAATAACCTTCTA-1","GTAGACTGAGATGA-1","GTAGCAACAGTCGT-1","GTAGCAACGGTAGG-1","GTAGCATGTAAGCC-1","GTAGGTACACGGGA-1","GTAGTGTGAGGCGA-1","GTATCACTGGTAGG-1","GTCAACGAGTGTAC-1","GTCCCATGTGGTGT-1","GTCGAATGAAGGCG-1","GTCTAGGAGCTTCC-1","GTGATTCTCTCTCG-1","GTTAGGTGCCAGTA-1","GTTGAGTGGTCTTT-1","GTTGTACTATTCCT-1","GTTTAAGACCATGA-1","TAACACCTTCGCTC-1","TAACACCTTCGTAG-1","TAACGTCTCAACCA-1","TAACTCACGAGGAC-1","TAACTCACGTATCG-1","TAAGAACTGTGTCA-1","TAAGATACGGTTCA-1","TAAGCGTGAGGTTC-1","TAAGCGTGGACAAA-1","TAAGGCTGTCTCGC-1","TAATGTGACTGCAA-1","TACAATGAAAACAG-1","TACCATTGCGGGAA-1","TACCATTGGGGATG-1","TACCATTGTGAGGG-1","TACGAGTGATGCTG-1","TACGATCTCACTGA-1","TACGTTACCAAGCT-1","TACTAAGATGATGC-1","TACTACTGAACCTG-1","TACTCAACGGTCTA-1","TAGAAACTGCTTCC-1","TAGCCGCTTTCCAT-1","TAGGCTGATGCCTC-1","TAGGTTCTTGCTGA-1","TAGTACCTAAGAAC-1","TATAAGTGTATCGG-1","TATCCAACCAGCTA-1","TATCGTACATTCCT-1","TATGTCACTAACCG-1","TATGTGCTCCGATA-1","TATTGCTGAAGAAC-1","TATTTCCTATTGGC-1","TCAAGGACGGTGTT-1","TCACAACTTTGCTT-1","TCACCCGAGACGGA-1","TCAGTTACCTACGA-1","TCATCAACTGTTCT-1","TCCACTCTGAGCTT-1","TCCCATCTCAAAGA-1","TCCCGATGCCTGAA-1","TCCGAAGACAATCG-1","TCGACGCTTCTATC-1","TCGATTTGATGCCA-1","TCGATTTGCCTACC-1","TCTAAGCTTGTTCT-1","TCTACAACGACTAC-1","TCTAGACTTAGAAG-1","TCTAGTTGCACCAA-1","TCTATGTGAAGAGT-1","TCTTACGAACCTGA-1","TCTTCAGAGCTACA-1","TGAAATTGGTGAGG-1","TGACGATGCAAAGA-1","TGACTGGAAGAGAT-1","TGACTTACAGTCTG-1","TGAGCTGACTGGAT-1","TGAGCTGATGCTAG-1","TGAGGACTCTCATT-1","TGATACCTCACTAG-1","TGCAAGTGGGTAGG-1","TGCGATGAGTGCTA-1","TGCGCACTCTTGAG-1","TGCGTAGAATAAGG-1","TGCTATACGGTTCA-1","TGGACCCTACACTG-1","TGGACCCTGGTACT-1","TGGAGACTATCAGC-1","TGGAGGGACGGAGA-1","TGGCACCTTCAGTG-1","TGGGTATGTTTGGG-1","TGGTAGTGCACTGA-1","TGGTTACTGACGTT-1","TGTAACCTTGCCTC-1","TGTTAAGACAAAGA-1","TGTTAAGATAAGGA-1","TTACCATGAATCGC-1","TTACGACTTGACAC-1","TTACTCGAAGAATG-1","TTAGACCTCCTTTA-1","TTAGCTACTGTCCC-1","TTAGGGTGTCCTGC-1","TTAGGTCTACTTTC-1","TTATCCGAGAAAGT-1","TTATTCCTATGCTG-1","TTCAACACCCCAAA-1","TTCAAGCTAAGAAC-1","TTCACAACCCGTTC-1","TTCAGTACTCCTAT-1","TTCATCGAGGTGGA-1","TTCATTCTATGTCG-1","TTCCAAACCTATGG-1","TTCCATGACGAGAG-1","TTCCCACTTGTCTT-1","TTCGGAGAATGCCA-1","TTCGTATGTCCTTA-1","TTCTAGTGCATGAC-1","TTCTAGTGGTCACA-1","TTGAGGACAGAACA-1","TTGCATTGCTAAGC-1","TTGCTATGGTACGT-1","TTGGAGACGCTATG-1","TTGGTACTACTGGT-1","TTTAGCTGGATACC-1","TTTAGGCTCCTTTA-1","TTTATCCTGTTGTG-1","TTTCAGTGTCTATC-1","TTTCGAACTCTCAT-1"
"B2M",41,69,53,28,26,87,18,35,0,22,75,80,36,17,22,16,31,43,58,69,48,9,15,12,27,13,24,48,14,46,24,50,13,51,20,12,28,35,51,21,19,37,58,44,45,55,40,33,8,22,38,16,15,20,61,16,16,27,19,3,23,11,11,108,34,35,22,17,19,35,36,91,40,16,14,33,21,40,33,27,42,27,26,8,9,7,10,29,18,26,33,15,20,32,12,12,15,24,38,15,10,29,14,5,15,34,18,53,21,42,8,7,5,16,45,30,16,67,80,24,32,52,42,18,55,23,34,38,19,25,21,7,17,17,59,5,75,36,27,50,19,7,22,32,53,31,6,17,10,59,44,15,13,40,30,43,51,26,15,38,11,54,41,25,13,25,84,13,43,18,14,30,25,17,11,70,5,9,35,20,35,16,33,14,119,44,9,31,37,54,61,21,39,27,51,29,48,41,14,29,26,4,22,15,29,48,28,45,23,34,61,21,46,16,20,68,14,18,8,30,72,27,76,14,34,25,36,59,40,30,75,27,18,8,2,15,34,30,21,17,32,52,25,15,43,24,15,47,21,37,26,50,43,23,18,11,15,25,3,51,78,80,30,33,28,58,30,48,52,55,44,23,16,28,36,7,29,21,66,8,7,5,20,14,14,25,53,39,9,27,28,15,20,17,32,45,3,8,7,35,33,12,34,5,34,45,42,22,24,28,16,79,10,4,29,54,34,39,8,23,21,14,13,36,32,11,61,41,12,45,12,40,26,96,9,35,27,19,37,17,32,35,30,12,25,28,26,12,8,17,62,31,26,64,9,13,35,31,4,20,27,11,18,31,80,64,45,22,64,71,41,43,19,49,21,27,45,16,16,29,105,63,41,35,46,7,31,51,68,24,14,14,39,13,46,8,45,14,11,7,27,29,26,15,23,10,12,57,41,53,39,46,8,19,56,8,19,16,39,20,48,7,80,37,33,13,24,47,16,4,94,11,12,31,15,16,20,10,123,25,33,6,35,14,20,39,8,27,49,14,44,13,57,30,9,59,117,32,37,24,15,8,38,18,18,28,26,103,28,46,19,45,47,28,50,10,19,40,12,33
"PPBP",1,0,0,0,0,0,0,0,0,0,1,0,0,0,0,0,0,0,0,0,0,0,0,0,0,0,1,0,0,0,0,0,0,0,0,0,0,0,0,0,0,0,0,0,0,0,0,0,0,0,0,0,0,0,0,0,0,0,0,0,0,0,0,0,0,0,0,0,0,0,0,0,0,0,0,0,1,1,1,0,0,0,0,0,0,0,0,0,0,0,0,0,0,0,0,0,0,0,0,0,0,0,0,0,0,0,0,0,0,0,0,0,1,0,0,0,0,0,0,0,0,0,0,1,0,0,1,0,0,0,0,0,0,0,0,0,0,0,0,0,0,0,0,0,5,0,0,0,0,0,0,0,0,0,0,0,0,0,0,0,0,0,0,0,0,0,0,0,0,0,0,0,0,0,0,0,0,0,0,0,0,0,0,0,0,0,0,0,0,0,0,0,0,0,0,0,0,0,0,0,0,0,0,0,0,0,1,0,0,0,1,0,0,0,0,2,0,0,0,0,0,0,0,0,0,0,0,0,0,0,0,0,0,0,0,0,0,0,0,0,0,0,0,0,0,0,0,0,0,0,0,0,0,0,0,6,0,0,0,0,0,0,0,0,0,0,0,0,0,0,1,0,0,0,0,0,0,0,0,0,0,0,0,0,0,0,0,0,0,0,0,0,0,0,0,0,0,0,0,0,0,0,0,0,0,0,0,0,0,0,0,0,0,0,0,0,0,0,0,0,0,0,0,0,0,0,1,0,0,0,1,0,0,0,0,0,0,0,0,0,0,0,0,0,0,0,0,0,0,0,0,0,1,0,0,0,0,0,0,0,0,0,0,0,0,0,0,0,0,0,0,0,0,0,0,0,0,1,0,0,0,0,0,0,0,0,0,0,0,0,0,0,0,0,0,0,0,0,0,0,0,0,0,0,0,0,0,0,0,1,0,0,0,0,1,0,0,1,0,0,0,0,0,0,1,0,0,0,1,0,0,0,0,0,0,0,0,0,0,0,0,0,0,0,0,0,0,0,0,0,0,0,0,0,0,0,0,0,1,0,0,0,0,0,0,0,0,0,0,0,0,0,0,0,0,0,0,0,0,0
"TMSB4X",114,57,97,84,120,46,56,48,21,54,79,56,29,76,36,51,61,73,92,61,76,23,57,33,81,38,40,52,16,53,77,53,30,84,55,41,36,50,68,55,32,54,80,60,51,79,80,42,18,31,48,49,60,35,116,27,23,85,69,23,23,34,42,60,65,54,35,70,55,33,53,135,66,49,53,44,39,64,66,32,62,59,66,36,28,28,46,66,57,55,81,46,51,64,37,42,33,38,114,81,17,61,58,25,51,73,34,79,45,47,39,29,32,33,51,69,56,53,97,36,65,49,53,70,62,67,93,56,32,54,32,44,51,48,76,32,95,37,60,50,56,38,43,69,47,57,40,40,27,63,71,43,48,80,21,64,96,64,40,97,30,26,45,85,35,32,52,49,83,28,37,67,53,35,22,111,17,51,45,56,68,28,47,27,75,73,19,93,43,47,90,42,51,41,56,41,101,43,43,62,54,18,45,47,33,88,94,94,37,51,49,36,77,40,50,72,45,35,34,70,86,42,112,38,79,46,110,99,64,63,102,77,66,25,10,37,56,60,39,49,69,77,84,34,97,31,55,46,47,43,69,115,45,70,37,54,49,59,27,63,33,73,99,44,58,70,42,51,70,92,47,37,36,66,48,73,51,101,64,35,24,18,35,68,52,55,72,59,34,50,68,26,43,43,90,33,22,21,17,71,90,52,60,39,78,156,79,48,53,52,25,60,39,21,63,62,70,68,72,49,46,32,18,48,40,22,83,43,22,92,40,70,53,57,24,67,60,55,40,33,58,57,39,47,28,54,41,35,19,56,109,46,71,120,35,64,66,50,65,48,44,24,49,58,88,36,66,43,72,77,42,77,41,75,43,52,59,43,42,51,78,58,81,41,46,29,61,53,110,38,45,49,75,36,55,34,72,35,24,31,45,74,59,37,32,26,28,77,81,79,57,78,23,42,53,38,51,37,57,49,91,34,60,63,49,44,62,50,56,25,99,28,32,66,36,26,39,36,117,64,116,14,85,49,52,52,24,63,55,33,45,58,90,81,35,127,114,77,79,57,55,22,81,26,26,70,41,107,59,49,64,116,69,48,81,47,31,72,30,49
"ACTB",14,34,55,23,26,28,10,13,3,17,24,71,15,16,7,12,14,24,32,35,30,3,6,5,16,10,9,29,46,36,18,37,8,50,20,34,37,16,29,13,10,41,50,26,42,55,36,26,15,19,54,10,75,30,75,8,7,29,23,9,27,11,10,51,25,32,8,27,23,21,17,109,45,31,13,22,22,37,39,12,15,12,6,10,11,3,19,60,15,17,28,22,18,9,9,7,8,16,44,23,8,42,8,8,5,17,14,38,11,43,34,3,5,11,34,39,7,22,63,22,16,21,22,25,29,20,36,24,25,26,19,11,19,8,33,4,79,19,15,34,12,5,13,19,25,34,6,21,10,44,31,16,10,26,5,22,93,19,12,26,13,33,22,7,6,14,9,6,23,8,31,23,19,13,4,40,1,6,10,12,21,5,39,13,85,30,17,17,33,30,32,19,25,41,22,15,34,16,12,40,13,3,19,29,9,42,22,41,5,14,14,3,57,17,16,40,8,16,7,31,17,16,56,8,55,11,75,15,29,6,55,19,15,3,7,12,22,20,9,2,28,51,16,16,17,8,39,14,43,25,21,54,22,26,18,15,16,28,5,30,20,83,39,19,7,39,35,22,25,18,19,19,23,31,21,11,17,24,38,5,10,13,8,16,21,31,40,26,9,38,23,5,15,14,32,26,3,5,3,41,31,15,35,5,50,54,40,8,32,24,10,20,18,3,28,23,11,30,24,7,5,4,5,58,15,2,26,28,14,17,13,60,15,28,0,46,44,10,39,14,14,32,9,12,12,14,8,9,3,17,73,42,17,79,12,18,22,17,4,10,21,7,20,19,57,24,29,17,63,58,41,20,29,31,18,20,25,15,18,26,47,19,18,21,9,6,15,33,40,26,18,9,30,15,33,5,33,14,8,7,23,47,34,4,6,14,4,41,33,31,30,62,5,12,23,14,21,7,36,16,42,9,14,61,16,17,10,53,30,2,39,8,10,13,42,18,54,7,22,29,14,25,16,5,22,12,4,27,17,11,24,14,23,23,2,43,48,23,33,34,14,13,44,22,11,20,21,50,13,25,64,32,43,18,41,22,15,32,16,28
"FTL",78,52,142,113,69,82,165,69,54,86,98,100,80,52,33,50,62,71,149,104,96,24,47,62,126,111,59,75,51,72,75,172,49,148,65,37,74,56,71,55,43,54,136,97,71,84,165,70,25,52,85,74,81,62,97,14,74,64,79,39,49,64,40,88,113,51,50,64,74,51,106,143,121,143,59,84,73,74,80,74,110,83,69,94,73,45,101,127,47,61,58,54,68,67,44,55,70,101,204,87,56,281,81,90,68,89,55,81,38,87,84,46,37,73,86,92,45,69,214,34,72,54,54,52,81,73,90,74,87,36,69,48,131,53,98,26,127,76,149,65,55,96,70,93,65,60,33,59,56,62,81,67,57,69,78,149,141,61,53,147,47,121,57,97,63,97,101,69,93,69,133,70,81,98,50,108,37,49,98,56,66,53,104,49,166,136,61,70,92,73,100,54,56,88,59,71,102,44,66,72,82,27,71,124,63,49,99,99,80,40,75,17,75,82,74,104,41,138,52,93,184,75,136,48,102,99,191,81,91,79,107,45,67,28,18,76,103,77,89,48,141,180,46,44,115,54,70,54,75,112,97,178,78,74,77,94,63,111,13,76,67,84,101,74,45,95,53,82,88,58,95,68,67,85,60,90,82,135,80,38,40,24,52,64,66,32,82,86,82,66,106,73,85,63,77,36,43,29,45,123,154,22,59,47,112,127,87,80,139,60,48,113,58,30,110,77,96,106,62,54,59,36,17,87,96,49,85,106,49,67,33,205,51,91,32,65,82,79,72,37,44,59,78,62,38,71,67,54,20,79,107,102,83,115,31,76,77,76,35,44,149,44,61,74,93,40,105,50,109,85,98,57,57,89,85,65,70,50,82,67,162,92,79,113,112,42,57,140,151,59,69,113,120,59,107,61,89,101,30,49,66,80,150,39,51,42,47,125,81,174,90,136,29,33,87,44,71,57,50,69,181,95,73,108,55,48,86,98,63,33,90,68,39,66,41,75,18,34,101,83,113,49,93,54,75,62,29,66,101,64,115,72,102,117,44,213,111,43,64,68,117,60,167,36,40,123,46,143,70,114,86,101,74,92,157,121,68,192,70,88
"CLU",0,0,0,0,0,0,0,0,0,0,0,0,0,0,0,0,1,0,0,0,0,0,0,0,0,0,0,0,0,0,0,0,0,0,0,0,0,0,0,0,0,0,0,0,0,0,0,0,0,0,0,0,0,1,0,0,0,0,0,0,0,0,0,0,0,0,0,0,0,0,0,0,0,0,0,0,0,0,0,0,0,0,0,0,0,0,0,0,0,0,0,0,0,0,0,0,0,0,0,0,0,0,0,0,0,0,0,0,0,0,0,0,0,0,0,0,0,0,0,0,0,0,0,0,0,0,0,0,0,0,0,0,0,0,0,0,0,0,0,0,0,0,0,0,1,0,0,0,0,0,0,0,0,0,0,0,0,0,0,0,0,0,0,0,0,0,0,0,0,0,0,0,0,0,0,0,0,0,0,0,0,0,0,0,0,0,0,0,0,0,0,0,0,0,0,0,0,0,0,0,0,0,0,0,0,0,0,0,0,0,0,0,0,0,0,0,0,0,0,0,0,0,0,0,0,0,0,0,0,0,0,0,0,0,0,0,0,0,0,0,0,0,0,0,0,0,0,0,0,0,0,0,0,0,0,2,0,0,0,0,0,0,0,0,0,0,0,0,0,0,0,0,0,0,0,0,0,0,0,0,0,0,0,0,0,0,0,0,0,0,0,0,0,0,0,0,0,0,0,0,0,0,0,0,0,0,0,0,0,0,0,0,0,0,0,0,0,0,0,0,0,0,0,0,0,0,0,0,0,0,0,0,0,0,0,0,0,0,0,0,0,0,0,0,0,0,0,0,0,0,0,0,0,0,0,0,0,0,0,0,0,0,0,0,0,0,0,0,0,0,0,0,0,0,0,0,0,0,0,0,0,0,0,0,0,0,0,0,0,0,0,0,0,0,0,0,0,0,0,0,0,0,0,0,0,0,0,0,0,1,0,0,0,0,0,0,0,0,0,0,0,0,0,0,0,0,0,0,0,0,0,0,0,0,0,0,0,0,0,0,0,0,0,0,0,0,0,0,0,0,0,0,0,0,0,1,0,0,0,0,0,0,0,0,0,0,0,0,0,0,0,0,1,0,0,0,0,1,0,0
"PF4",0,0,0,0,0,0,0,0,0,0,0,0,0,0,0,0,0,0,0,0,0,0,0,0,0,0,0,0,0,0,0,0,0,0,0,0,0,0,0,0,0,0,0,0,0,0,0,0,0,0,0,1,0,0,0,0,0,0,0,0,0,0,0,0,0,0,0,0,0,0,0,0,0,0,0,0,0,0,0,0,0,0,0,0,0,0,0,0,0,0,0,0,0,0,0,0,0,0,0,0,0,0,0,0,0,0,0,0,0,0,0,0,0,0,0,0,0,0,0,0,0,0,0,0,0,0,0,0,0,0,0,0,0,0,0,0,0,0,0,0,0,0,0,0,4,0,0,0,0,0,0,0,0,0,0,0,0,0,0,0,0,1,0,0,0,0,0,0,0,0,0,0,0,0,0,0,0,0,0,0,0,0,0,0,0,0,0,0,0,1,0,0,0,0,0,0,0,0,0,1,0,0,0,0,0,0,0,0,0,0,0,0,0,0,0,0,0,0,0,0,0,0,0,0,0,0,0,0,0,0,0,0,0,0,0,0,0,0,0,0,0,0,0,0,0,0,0,0,0,0,0,0,0,0,0,0,0,0,0,0,0,0,0,0,0,0,0,0,0,0,0,0,0,0,0,0,0,0,0,0,0,0,0,0,0,0,0,0,0,0,0,0,0,0,0,0,0,0,0,0,0,0,0,0,0,0,0,0,0,0,0,0,0,0,0,0,0,0,0,0,0,0,0,0,0,0,0,0,0,0,0,0,0,0,0,0,0,0,0,0,0,0,0,0,0,0,0,0,0,0,0,0,0,0,0,0,0,0,0,0,0,0,0,0,0,0,0,0,1,0,0,0,0,0,0,0,0,0,0,0,0,0,0,0,0,0,0,0,0,0,0,0,0,0,0,0,0,0,0,0,0,0,0,0,0,0,0,0,0,0,0,0,0,0,0,0,0,0,0,0,0,0,0,0,0,0,0,0,2,0,0,0,0,0,0,0,0,0,0,0,0,0,0,0,0,0,0,0,0,0,0,0,0,0,0,1,0,0,0,0,0,0,0,0,0,0,0,0,0,0,0,0,0,0,0,0,0,0,0,0
"F13A1",0,0,0,0,0,0,0,0,0,1,0,0,0,1,0,0,0,0,0,1,0,0,0,0,0,0,0,0,0,0,0,0,0,0,0,0,0,0,0,0,0,0,0,0,0,0,0,0,0,0,0,0,0,0,0,0,0,0,0,0,0,0,0,0,0,0,0,0,1,0,0,0,0,0,0,0,0,0,0,0,0,0,0,0,0,0,0,0,0,0,0,0,0,2,0,0,0,0,0,0,0,0,0,0,0,0,0,0,0,0,0,0,0,0,0,0,0,0,0,0,0,0,0,0,0,0,0,0,0,0,0,0,1,0,0,0,0,0,0,0,0,0,0,0,0,0,0,0,0,1,0,0,0,0,0,0,0,0,0,0,0,0,0,0,0,0,0,0,0,0,0,0,0,0,0,0,0,0,0,0,0,0,0,0,0,0,0,0,0,0,0,0,0,0,0,0,0,0,0,1,0,0,0,0,0,0,0,0,0,0,0,0,0,0,0,0,0,0,0,0,0,0,0,0,0,0,0,0,0,0,0,0,0,0,0,1,0,0,0,0,0,0,0,0,0,0,0,0,0,0,0,0,0,0,0,0,0,1,0,0,0,0,0,0,0,0,0,0,0,0,0,0,0,0,0,0,0,0,0,0,0,0,0,0,0,0,0,0,0,0,0,0,0,0,0,0,0,0,0,0,0,0,0,0,0,0,0,0,0,0,0,0,0,0,0,0,0,0,0,0,0,0,0,0,0,0,0,0,0,0,0,0,0,0,0,0,0,0,0,0,0,0,0,0,0,0,0,0,0,0,0,0,0,0,0,0,0,0,0,0,0,0,0,0,0,0,0,0,0,0,0,0,0,0,0,0,0,0,0,0,0,0,0,0,0,0,0,0,0,0,0,0,0,0,0,0,0,0,0,0,0,0,0,0,0,1,0,0,0,0,0,0,0,0,0,0,0,0,0,0,0,0,0,0,0,0,0,0,0,0,0,0,0,0,0,0,0,0,0,0,0,0,0,0,0,0,0,0,0,0,0,0,0,0,0,0,0,0,0,0,0,0,0,0,0,0,0,0,0,0,0,0,0,0,0,0,0,0,0,0
"GNAS",0,1,1,0,0,1,0,2,0,0,0,0,0,1,1,1,1,0,1,0,0,0,0,0,0,1,0,1,1,1,2,0,0,0,0,1,1,0,1,0,0,0,2,3,0,2,1,0,0,0,0,0,0,0,1,0,0,1,2,1,0,1,0,4,1,0,1,0,0,1,0,2,1,0,0,1,2,0,2,0,0,1,0,0,0,0,1,1,0,0,0,1,0,0,0,1,0,1,0,1,0,1,0,0,0,1,0,0,0,1,0,1,0,0,0,0,2,0,2,0,1,0,0,0,1,1,1,0,0,3,0,0,0,0,3,0,1,0,0,4,0,0,0,0,1,1,0,1,0,0,2,1,1,0,0,0,0,2,1,0,0,1,0,0,1,0,1,1,0,0,1,0,1,1,0,0,0,0,2,0,2,2,3,0,0,2,2,0,0,0,0,1,0,0,0,0,1,0,1,1,0,0,1,0,1,1,1,1,0,2,0,0,2,1,0,1,1,0,0,0,2,1,1,1,0,0,2,2,0,2,2,2,0,0,0,0,0,2,2,0,1,0,0,1,1,0,2,1,2,1,2,1,0,0,1,1,0,2,0,0,0,1,0,1,0,0,1,0,0,1,0,1,0,2,0,0,0,2,2,0,0,1,0,2,1,0,0,1,0,0,0,0,0,1,1,1,0,0,0,3,2,0,0,0,0,0,3,1,0,1,1,0,0,0,1,0,1,1,1,0,0,1,0,0,1,0,0,0,0,0,0,1,0,0,0,0,0,2,1,0,0,0,0,0,1,0,1,0,0,1,1,0,1,1,1,1,0,2,0,0,0,0,2,0,0,1,2,0,1,1,0,1,1,0,1,1,1,0,1,2,0,1,0,2,0,0,1,3,1,0,2,1,1,0,0,0,1,0,0,0,3,1,0,0,1,0,0,0,2,0,0,2,0,0,0,1,0,1,1,0,1,0,0,0,3,1,0,0,2,0,0,0,1,0,0,0,0,0,1,1,0,0,0,0,0,0,0,1,3,1,0,0,1,1,0,0,0,0,0,0,0,1,1,0,0,1,0,1,1,1,0,0,1,0,1,1,0,2,0,2
"SPARC",0,0,0,0,0,0,0,0,0,0,0,0,0,0,0,0,0,0,0,0,0,0,0,0,0,0,0,0,0,0,0,0,0,0,0,0,0,0,0,0,0,0,0,0,0,0,0,0,0,0,0,0,0,1,0,0,0,0,0,0,0,0,0,0,0,0,0,0,0,0,0,0,0,0,0,0,1,0,0,0,0,0,0,0,0,0,0,0,0,0,0,0,0,0,0,0,0,0,0,0,0,0,0,0,0,0,0,0,0,0,0,0,0,0,0,0,0,0,0,0,0,0,0,0,0,0,0,0,0,0,0,0,0,0,1,0,0,0,0,0,0,0,0,0,1,0,0,0,0,0,0,0,0,0,0,0,0,0,0,1,0,0,0,0,0,0,0,0,0,0,0,0,0,0,0,0,0,0,0,0,0,0,0,0,0,0,0,0,0,0,0,0,0,0,0,0,0,0,0,0,0,0,0,0,0,0,0,0,0,0,0,1,0,0,0,0,0,0,0,0,0,0,0,0,0,0,0,0,0,0,0,0,0,0,0,0,0,0,0,0,0,0,0,0,0,0,0,0,0,0,0,0,0,0,0,2,0,0,0,0,0,0,0,0,0,0,0,0,0,0,0,0,0,0,0,0,0,0,0,0,0,0,0,0,0,0,0,0,0,0,0,0,0,0,0,0,0,0,0,0,0,0,0,0,0,0,0,0,0,0,1,0,0,0,0,0,0,0,0,0,0,0,0,0,0,0,0,0,0,0,0,0,0,0,0,0,0,0,0,0,0,0,0,0,0,0,0,0,0,0,0,0,0,0,0,0,0,0,0,0,0,0,0,0,0,0,0,0,0,0,0,0,0,0,0,0,0,0,0,0,0,0,0,0,0,0,0,0,0,0,0,0,0,0,0,0,0,0,0,0,0,0,0,0,0,0,0,0,0,0,0,0,0,0,0,0,0,0,0,0,0,0,0,0,0,0,0,0,0,0,0,0,0,0,0,0,0,0,0,0,0,0,0,0,0,0,0,0,0,0,0,0,0,0,0,0,0,0,0,0,0,0,0,0,0,0,0,0,0,0,0,0,0,0,0,0,0,0,0,0
"PTMA",9,13,26,3,5,8,4,11,2,5,9,11,5,7,1,10,3,12,7,9,10,3,5,6,4,7,13,15,6,23,9,13,2,10,7,3,12,8,11,2,5,10,15,13,18,12,11,7,1,4,5,4,4,15,5,10,3,10,7,2,9,6,2,10,8,16,7,7,8,8,6,19,13,11,6,13,5,4,10,5,5,12,4,5,7,7,8,21,3,13,8,10,8,6,2,1,4,10,16,4,1,10,9,5,4,9,5,12,8,7,2,7,3,7,6,13,1,9,21,3,5,8,9,3,12,5,3,11,10,8,7,5,5,4,17,1,18,14,10,12,9,6,5,7,8,3,1,7,4,16,17,4,5,8,1,9,10,7,7,17,6,15,9,7,6,5,8,4,17,5,8,15,7,9,2,12,2,3,8,4,13,2,13,2,14,8,2,0,11,14,10,7,5,8,11,2,24,7,7,14,4,0,7,12,1,25,5,16,4,5,3,4,12,7,11,10,9,10,4,6,14,5,14,4,20,6,9,5,14,9,23,9,8,4,2,4,14,5,5,4,9,13,7,2,17,5,14,14,17,4,3,16,8,16,2,10,6,7,1,10,8,13,2,2,15,10,8,7,13,10,11,5,2,20,5,7,7,25,9,4,1,3,3,3,0,9,7,17,2,8,9,4,9,5,14,8,1,0,2,8,14,10,16,2,16,8,12,5,21,6,7,2,3,4,4,11,8,8,3,2,3,9,3,6,5,4,6,8,5,3,2,11,3,9,0,17,10,9,15,5,2,11,8,6,4,6,3,4,2,12,18,8,5,16,6,5,3,7,4,1,8,4,6,6,18,3,5,4,13,32,12,6,7,7,2,4,19,4,5,10,8,8,8,9,8,5,6,12,13,1,3,9,8,16,11,13,7,4,5,2,5,7,7,2,2,14,7,8,8,5,11,14,4,10,4,7,12,6,7,8,6,1,2,19,11,8,1,14,10,2,7,4,5,7,2,8,8,0,15,15,4,14,3,2,10,7,1,4,14,5,8,6,14,8,0,10,15,7,15,13,5,6,16,3,5,10,0,14,9,7,7,9,11,9,8,11,3,19,6,8
"TAGLN2",2,1,0,0,0,0,1,2,1,2,0,0,0,0,1,0,1,3,1,2,0,0,1,2,1,0,1,2,3,3,0,0,0,1,3,0,0,2,2,0,0,4,2,2,1,0,1,1,1,0,2,0,0,0,0,0,1,1,1,0,0,2,2,4,2,2,1,0,2,1,0,1,3,0,0,0,0,3,0,0,1,1,0,0,0,0,1,1,0,1,1,1,2,0,0,0,0,0,1,1,2,3,1,0,4,1,0,1,0,0,0,0,1,0,0,1,0,0,2,1,1,0,5,0,0,0,3,2,0,4,0,0,0,0,2,1,2,0,1,4,0,0,3,1,5,1,0,1,4,2,1,1,0,0,0,0,1,0,0,2,0,2,0,0,0,1,0,1,0,0,1,2,0,1,0,4,0,0,2,2,1,0,0,2,1,1,1,1,0,2,0,0,3,1,5,0,1,0,0,1,1,1,0,1,0,2,0,0,1,1,0,0,1,1,2,1,0,5,0,2,3,0,1,0,1,0,2,4,0,0,1,1,1,0,0,1,4,1,0,0,1,0,0,1,0,0,0,2,2,1,0,0,1,0,0,3,3,2,0,6,1,3,0,4,1,2,1,0,1,4,2,0,0,2,0,0,0,1,3,0,0,0,0,0,0,1,4,0,0,2,1,0,1,0,3,2,0,0,1,1,0,2,1,0,2,0,0,0,2,0,2,1,0,1,3,4,0,0,0,1,1,1,0,7,4,0,0,1,0,1,0,0,1,1,0,6,7,1,1,0,0,1,2,1,5,1,0,2,0,0,1,0,1,3,0,0,0,0,0,0,0,0,2,2,1,0,4,1,1,2,0,0,2,0,0,1,2,0,0,1,6,1,2,0,0,1,0,4,1,0,2,4,0,2,1,2,4,0,1,0,2,4,0,1,1,0,0,1,0,0,1,2,0,0,0,1,4,2,1,0,1,0,0,0,1,0,0,3,0,0,1,0,1,2,0,0,2,0,1,0,1,1,0,0,1,1,0,0,4,1,1,0,1,1,0,1,4,0,2,1,2,1,2,0,2,1,0,0,3,2,0,1,1,0,1,1,0,0,0,1
"OAZ1",13,8,30,10,13,18,13,11,3,12,19,16,12,7,4,10,5,12,14,10,14,2,6,4,7,6,8,10,16,12,6,19,8,17,8,8,9,6,11,7,6,6,21,13,12,20,9,13,4,11,8,9,9,8,17,1,1,6,15,1,9,7,8,6,16,10,4,10,37,11,9,17,15,14,12,11,4,22,10,3,7,5,9,13,7,7,11,16,8,5,12,16,7,6,4,5,4,7,16,15,6,23,11,9,11,9,4,10,9,9,12,6,5,8,8,14,4,10,15,6,10,5,7,5,16,11,14,15,6,4,10,4,9,2,16,3,15,10,5,10,6,2,11,8,13,15,3,7,3,14,7,11,7,20,8,7,10,10,28,16,6,15,13,7,2,10,9,4,8,2,5,6,10,7,3,11,5,9,9,6,6,7,20,4,23,7,4,8,6,12,8,13,15,5,7,25,18,8,8,12,9,5,10,11,12,15,13,9,6,9,7,3,12,27,9,15,6,4,4,16,10,9,12,6,17,45,19,11,14,10,8,14,11,4,3,5,14,16,12,5,12,22,10,15,12,8,11,11,9,15,18,16,11,14,3,12,14,17,0,8,3,14,13,11,5,7,8,10,18,17,12,12,9,6,11,4,14,13,12,1,2,2,7,9,6,11,11,15,4,14,5,6,7,5,10,9,3,0,4,18,10,10,12,4,8,11,6,10,7,9,7,12,9,1,11,13,11,12,6,5,3,2,4,9,8,5,14,14,3,14,6,10,7,7,3,12,16,8,13,7,5,10,6,4,9,10,5,7,2,6,8,9,7,13,6,9,15,9,4,9,9,6,5,10,16,31,12,9,19,13,9,8,17,9,8,5,19,7,4,10,28,10,6,9,6,6,11,14,18,4,6,5,12,5,11,6,13,4,6,8,12,6,11,2,8,6,7,13,6,13,15,10,3,6,4,12,7,9,10,6,14,4,7,14,10,7,7,11,12,2,15,2,2,10,8,5,10,3,14,11,2,4,11,7,11,9,43,9,10,7,10,4,8,9,4,14,16,6,17,12,11,6,7,5,2,11,4,12,11,8,7,18,12,9,18,8,13,19,9,4
"OST4",3,2,1,2,0,1,1,2,0,1,0,2,1,1,0,0,0,1,0,0,2,0,0,0,1,2,0,0,1,1,0,0,2,1,1,0,1,2,0,0,0,2,0,0,2,0,1,2,0,0,0,2,1,2,2,0,0,0,2,0,0,2,1,0,1,1,1,2,1,1,0,2,0,1,0,2,1,2,4,1,1,0,1,1,0,0,0,2,0,0,1,2,0,1,2,0,0,0,2,1,0,1,0,0,0,1,1,0,1,0,1,0,0,0,0,1,2,0,2,0,1,1,1,1,2,1,3,2,1,0,0,1,1,2,0,0,0,0,0,0,1,1,1,0,0,0,1,0,0,0,0,0,0,2,0,5,2,0,1,0,0,1,1,0,0,0,0,2,3,0,0,0,1,0,0,2,1,0,2,0,1,0,0,0,1,1,0,0,2,0,1,17,1,2,2,0,3,0,2,1,2,0,0,0,2,0,0,1,0,2,3,0,0,2,0,4,0,1,1,0,1,1,0,1,2,0,0,2,1,1,1,0,3,0,0,0,0,1,0,0,0,0,0,0,1,0,0,0,1,0,1,2,1,0,1,1,2,0,0,0,2,1,4,1,0,2,0,0,1,2,0,0,0,2,1,0,1,0,3,0,0,1,0,1,0,0,5,2,1,0,2,0,1,0,2,0,0,0,0,0,1,1,0,0,3,0,0,0,1,1,1,0,0,0,0,1,2,1,1,0,0,1,0,0,0,0,0,1,0,0,0,1,0,2,0,1,0,1,0,0,0,0,0,0,0,1,0,0,0,0,1,0,0,2,1,1,2,0,0,0,0,1,0,1,2,4,1,1,1,3,1,2,0,2,2,0,1,1,0,1,1,0,0,1,0,1,1,0,0,1,2,0,2,0,1,1,4,0,0,0,0,0,0,0,0,0,1,2,1,2,0,0,1,0,0,2,1,0,1,0,4,0,1,2,0,0,0,1,1,1,3,0,0,0,0,0,1,0,1,2,2,0,1,1,1,0,0,0,0,1,0,1,2,0,0,2,0,1,0,2,0,0,0,0,1,0,0,2,0,0,4,3,2,2,1,0,0,1,0,0
