"","AAACGCTGACCAGT-1","AAACGCTGGTTCTT-1","AAATTCGATTCTCA-1","AAATTGACACGACT-1","AACTCGGAAAGTGA-1","AAGGCTTGCGAACT-1","AAGGTCACTTCCCG-1","AAGTCTCTCGGAGA-1","AATACTGAAAGGGC-1","AATAGGGAGAATGA-1","AATCAAACTATCGG-1","AATCGGTGGAACTC-1","AATGATACACCAAC-1","AATGGAGATCCTTA-1","AATGGCTGTAAAGG-1","AATGGCTGTACTCT-1","ACAATTGACTGACA-1","ACACAGACCATACG-1","ACACCAGAGGGCAA-1","ACACGATGACGCAT-1","ACACGATGTCGTAG-1","ACACGATGTGGTCA-1","ACAGGTACGCTGTA-1","ACAGTCGACCGATA-1","ACAGTGACTCACCC-1","ACAGTGACTCTATC-1","ACCACGCTACCCAA-1","ACCCAAGAACTGTG-1","ACCTCGTGAACCAC-1","ACGATCGAGGACTT-1","ACGCGGTGTTTGCT-1","ACGGTAACCGCTAA-1","ACGGTAACCTTCGC-1","ACGGTAACTCGCAA-1","ACGTCGCTCCTGAA-1","ACGTGCCTTCTATC-1","ACGTTGGAAACCTG-1","ACTAGGTGGAACCT-1","ACTATCACCTTGGA-1","ACTGAGACAACCAC-1","ACTGCCACACACGT-1","ACTGTGGACGTGTA-1","AGAATGGAAGAAGT-1","AGACCTGAGGAAGC-1","AGACTGACCATCAG-1","AGAGTGCTGTCCTC-1","AGATATTGCCTACC-1","AGCATGACGATGAA-1","AGCCACCTGGATCT-1","AGCTTTACACCAAC-1","AGGAACCTTGCCTC-1","AGGATAGAGGATTC-1","AGGCAGGAGTACCA-1","AGGGACGATAGAGA-1","AGGGACGATGCATG-1","AGGGTGGAGTTGCA-1","AGGTCATGCTTATC-1","AGTACTCTCAACCA-1","AGTCAGACTAGAGA-1","AGTCTTACTTCGCC-1","AGTTCTTGAAGCCT-1","AGTTTCACGGTCTA-1","AGTTTGCTACTGGT-1","ATACCACTGCCAAT-1","ATAGTCCTTGCATG-1","ATCAACCTTCTCTA-1","ATCAACCTTTGTCT-1","ATCATGCTAGAGTA-1","ATCCTAACGCTACA-1","ATCGAGTGGACGTT-1","ATCGCCACTGAGGG-1","ATCTGGGATTCCGC-1","ATCTTTCTGTTTCT-1","ATGAAGGAACAGCT-1","ATGCTTTGGGCGAA-1","ATGTACCTTTCACT-1","ATTAACGATGCAAC-1","ATTCGACTCACTAG-1","ATTCTTCTGATACC-1","ATTTCGTGTATGGC-1","CAAAGCACGGTAAA-1","CAACGTGAGCCATA-1","CAAGAAGACCACAA-1","CAAGCTGATCTATC-1","CAAGGACTTCTTTG-1","CAATATGACCTTCG-1","CAATTCACCCAACA-1","CACAATCTTGTTCT-1","CACAGCCTGATACC-1","CACATACTACAGCT-1","CACCACTGGCGAAG-1","CACCGGGACGAGAG-1","CACCGGGACTTGCC-1","CACCGGGATTCGGA-1","CACCTGACACCCAA-1","CACCTGACCTCAAG-1","CACGGGTGCTTCGC-1","CACGGGTGGAGGAC-1","CACTATACGTTTGG-1","CACTTTGACTCTAT-1","CAGATCGACCTGAA-1","CAGCATGAGACGTT-1","CAGCTCTGCAAGCT-1","CAGGAACTAACTGC-1","CAGTGATGGCTAAC-1","CATGTACTATCGTG-1","CATGTTACAGTCGT-1","CATTTCGACTCTAT-1","CATTTGACCACACA-1","CATTTGACCCTGAA-1","CCAACCTGAAGTAG-1","CCAAGAACTACTGG-1","CCACCATGTCCTGC-1","CCCAGTTGGGTACT-1","CCGCGAGAGGTTCA-1","CCGTACACGTCATG-1","CCGTACACTAACGC-1","CCTGACTGAAGTAG-1","CGAAGACTGGAACG-1","CGAAGGGAAACCTG-1","CGACGTCTATCGTG-1","CGAGAACTAAGGCG-1","CGAGATTGGACACT-1","CGAGGCACCTATGG-1","CGAGGCACTCTTCA-1","CGATCAGAAGAACA-1","CGATCCACCGGGAA-1","CGCACTACTCGTGA-1","CGCAGGACAGATCC-1","CGCTACTGTTCCCG-1","CGGACCGATGCGTA-1","CGGACTCTCCTCGT-1","CGGCACGAACTCAG-1","CGGCATCTTAGAAG-1","CGGCCAGAGAGGCA-1","CGGGACTGGAATAG-1","CGGGCATGTCTCTA-1","CGTCAAGACAGGAG-1","CGTCGACTTTCCGC-1","CGTGATGAGGTTCA-1","CGTGTAGACGATAC-1","CGTTATACCCTGAA-1","CTACAACTCCCGTT-1","CTAGAGACAGCATC-1","CTCGAGCTCTGGAT-1","CTCGCATGACTTTC-1","CTGACAGAATCGTG-1","CTGCAGCTTGGCAT-1","CTGCCAACTGCTCC-1","CTGCCAACTTGCTT-1","CTGGAAACAAACGA-1","CTGGATGACTGGAT-1","CTGTGAGACCTTGC-1","CTTGATTGAGGTTC-1","CTTTAGACGTTGGT-1","CTTTAGACTCATTC-1","CTTTGATGTCTAGG-1","GAAGTAGACTCCCA-1","GAGATGCTCTGGAT-1","GAGCAGGATTCCCG-1","GAGCGCACGGTGAG-1","GAGGCAGACTTGCC-1","GAGTGACTCGGTAT-1","GAGTTGTGCTGAGT-1","GATATATGTCCGTC-1","GATATTGACAGGAG-1","GATCCCTGTGTAGC-1","GCACTAGAGTCGTA-1","GCACTGCTGAGGCA-1","GCAGATACAGCGTT-1","GCAGGGCTTGGGAG-1","GCATCAGATGCGTA-1","GCCAAAACGAGGCA-1","GCCCAACTATGGTC-1","GCCCATACAGCGTT-1","GCCGGAACGAACTC-1","GCCGGAACTGCACA-1","GCCTCATGTCTTAC-1","GCTAGATGGCGATT-1","GCTATACTAGCGTT-1","GCTCCATGAGAAGT-1","GCTTAACTACTGGT-1","GGACAGGAAAGGGC-1","GGACCTCTTTTCTG-1","GGACGCTGACGCAT-1","GGATAGCTCTGAAC-1","GGATGTACGTGTCA-1","GGCAATACGGCATT-1","GGCCGATGTACTCT-1","GGCGACACTGCCCT-1","GGCGGACTAGGAGC-1","GGCGGACTCTTGGA-1","GGCTAATGAGCACT-1","GGGACCACACGTTG-1","GGGCAGCTTGGGAG-1","GGGCCATGATGGTC-1","GGTAAAGAGCTAAC-1","GGTAGTACACCACA-1","GGTGGAGAAACGGG-1","GGTGGAGACAGATC-1","GGTGGAGATTACTC-1","GGTTTACTACGCAT-1","GTACCCTGTCCTTA-1","GTACGTGAACGTTG-1","GTACTTTGTCGACA-1","GTATCTACAGAAGT-1","GTATCTACGACGAG-1","GTATTCACGGGTGA-1","GTCAATCTACACCA-1","GTCAATCTGTAGCT-1","GTCATACTGCGATT-1","GTCATACTTTACCT-1","GTGATGACGGTTTG-1","GTGTATCTAGTAGA-1","GTGTCAGAAGCGTT-1","GTTAGTCTAAGAAC-1","GTTGACGAGCCCTT-1","GTTGATCTTTTCAC-1","GTTTAAGACTGTCC-1","TACAATGATGCTAG-1","TACATAGAACGCAT-1","TACGATCTTACGAC-1","TACGCAGAGAATCC-1","TACTTGACTCCTCG-1","TACTTTCTTTTGGG-1","TAGAAACTGGGATG-1","TAGCCCACAGCCAT-1","TAGCCGCTTACTTC-1","TAGCTACTTTTGCT-1","TAGGCATGGCGAGA-1","TAGTCTTGTGGAAA-1","TATACAGAACCCTC-1","TATCCAACTCTCTA-1","TATCGACTACTAGC-1","TATCGTACAGATGA-1","TATCTGACAGGTTC-1","TCAAGGACATTCTC-1","TCAATCACACTCTT-1","TCACCTCTACGACT-1","TCACTATGGGGCAA-1","TCAGCGCTCTAGTG-1","TCAGCGCTGGTATC-1","TCAGTGGAAGATCC-1","TCCATCCTCCCTAC-1","TCCGGACTGTACGT-1","TCCTAATGGTTTGG-1","TCCTATGAAAAGCA-1","TCGAATCTCTGGTA-1","TCGAGCCTGCGAGA-1","TCGATACTATTCCT-1","TCGCAGCTAGATCC-1","TCTAAGCTTAGTCG-1","TCTTGATGCGGAGA-1","TGAAGCACTCACGA-1","TGAATAACTCCCAC-1","TGAGACACTCAAGC-1","TGATCACTAGCATC-1","TGCTAGGAAACCGT-1","TGCTATACTGCTGA-1","TGGAACACGCTAAC-1","TGGACCCTCATGGT-1","TGGAGACTTGACCA-1","TGGATTCTCATACG-1","TGTAGTCTTGCACA-1","TGTGACGATTCTCA-1","TGTGAGTGGAGATA-1","TGTTACTGGCTACA-1","TGTTACTGTAGTCG-1","TTAACCACTAAGGA-1","TTAACCACTCAGAC-1","TTACCATGTGTCTT-1","TTAGGGACGCGAAG-1","TTCAAAGATAAAGG-1","TTCCAAACTTGACG-1","TTCGTATGAAAAGC-1","TTCGTATGGATAGA-1","TTGCATTGAGCTAC-1","TTGCTAACACCAAC-1","TTTCAGTGGAAGGC-1"
"B2M",44,53,63,46,47,62,37,84,63,53,37,55,81,74,30,24,49,63,42,60,68,53,51,77,47,69,52,50,49,36,69,50,65,39,137,36,72,44,48,49,60,86,59,70,36,54,96,37,61,54,55,62,127,42,64,62,48,64,53,46,40,80,55,30,48,64,52,22,96,63,52,101,49,47,25,62,80,93,38,115,106,87,57,95,60,76,55,44,85,46,60,91,47,72,85,45,60,27,50,94,20,62,44,58,76,44,54,69,42,39,50,60,63,49,39,58,63,28,58,82,56,57,73,74,54,67,90,44,53,52,63,101,52,32,68,72,73,84,92,42,24,98,65,54,45,47,100,104,77,50,90,72,48,81,63,66,53,56,61,51,29,72,55,37,55,93,61,101,80,48,55,61,66,39,20,62,42,64,53,53,71,73,52,55,76,56,43,18,81,100,46,62,57,64,57,48,66,49,28,30,78,59,69,61,70,79,72,96,51,90,44,74,60,112,46,30,70,73,56,117,60,39,45,48,67,51,68,88,26,56,50,71,38,35,95,62,54,50,44,38,58,62,59,74,42,123,44,56,63,38,53,77,59,42,109,55,37,57,56,34,44,58,49,61,91,31,75,69,28,40,23,58,75,100,67,56,50,70,40
"PPBP",0,0,0,0,0,0,0,0,0,0,0,0,0,0,0,0,0,0,0,0,0,0,0,0,0,0,0,0,0,0,0,0,0,0,0,0,0,0,0,0,0,0,0,0,0,0,0,0,0,0,0,0,0,0,0,0,0,0,0,2,0,0,0,0,0,0,0,0,0,0,0,0,0,0,0,0,0,0,0,0,0,0,0,0,0,0,0,0,0,0,0,0,0,0,0,0,0,0,0,0,0,0,0,0,0,0,0,0,0,0,0,0,0,0,0,0,0,0,0,0,0,0,0,0,0,0,0,0,0,0,0,0,0,0,0,0,0,0,0,0,0,0,0,0,0,0,0,0,0,0,0,0,0,0,0,0,0,0,0,0,0,0,0,0,0,0,0,0,0,0,0,0,0,0,0,0,0,0,0,0,0,0,0,1,0,0,0,0,0,0,0,0,0,0,0,0,0,0,0,0,0,0,0,0,0,0,0,0,0,0,0,0,0,0,0,0,0,0,0,0,0,0,0,0,0,0,0,0,0,0,0,0,0,0,0,0,0,1,0,0,0,0,0,0,0,0,0,0,0,0,0,0,0,0,0,0,0,0,0,0,0,0,0,0,0,0,0,0,0,0,0,0,0,0,0,0,0,0,0
"TMSB4X",26,21,42,23,37,69,28,40,41,37,43,31,39,40,19,21,34,50,43,64,58,34,34,47,31,30,40,34,61,16,117,76,33,10,44,35,62,41,78,29,39,55,33,59,26,29,31,40,32,22,51,33,24,30,40,36,28,36,32,31,25,71,28,20,40,53,21,14,73,41,34,36,57,28,30,55,29,60,28,27,53,31,30,39,35,42,34,43,49,24,30,33,32,48,42,44,39,26,23,32,13,28,43,42,35,32,21,39,30,34,25,36,36,36,26,64,29,29,27,46,29,21,29,69,28,40,49,30,52,29,25,40,42,42,46,52,31,77,41,31,16,35,59,49,40,55,65,61,29,31,54,46,29,15,105,46,22,36,90,35,13,53,49,63,35,27,38,51,42,26,39,39,40,21,35,41,18,39,31,49,69,28,28,34,35,27,39,14,35,61,46,46,43,39,41,26,32,24,16,25,49,37,33,31,42,62,39,60,31,59,18,51,39,113,26,10,43,41,27,63,30,22,22,28,22,31,60,57,17,44,27,31,24,20,49,57,34,42,29,29,34,33,30,39,21,89,45,18,106,42,31,42,47,39,38,19,19,36,29,22,46,47,32,82,66,18,53,37,30,25,24,34,47,29,39,32,32,42,20
"ACTB",3,11,10,12,7,23,15,16,9,23,6,18,13,8,15,6,6,17,3,37,20,11,22,22,13,14,12,19,6,3,24,38,3,3,55,4,9,9,28,10,9,17,10,23,6,22,9,15,24,29,24,9,8,6,13,12,12,10,13,24,14,26,7,7,13,19,9,6,12,8,13,23,14,8,16,14,12,19,3,4,52,16,7,18,4,23,13,11,31,8,7,11,23,22,4,4,24,28,23,22,7,19,21,19,11,4,6,20,14,5,12,9,15,13,2,33,11,13,11,17,10,6,8,18,6,12,35,25,14,4,24,12,14,11,14,10,7,54,8,11,11,29,22,20,19,2,25,36,9,16,27,12,9,10,46,5,9,9,26,12,6,19,17,10,6,10,17,9,49,22,12,14,16,16,32,16,7,10,28,6,29,17,15,13,23,6,6,5,7,8,27,12,15,19,12,16,16,14,3,8,30,21,13,10,9,29,11,9,8,43,27,11,13,10,13,4,17,14,36,10,14,13,5,4,5,26,25,19,5,26,29,14,8,4,11,9,9,18,15,5,9,21,14,27,6,40,18,5,21,46,10,22,22,11,20,4,6,15,17,11,24,23,27,31,23,6,66,6,15,14,5,23,9,6,12,10,15,13,2
"FTL",5,5,4,4,6,8,6,7,3,5,3,6,8,5,2,1,9,2,5,3,20,18,13,11,4,2,2,2,8,3,5,4,8,3,7,4,9,4,6,3,7,8,16,7,5,1,9,8,3,1,5,1,5,2,5,3,4,6,2,5,6,5,4,2,8,5,9,1,9,1,5,3,8,5,2,14,3,6,4,3,0,5,4,2,2,11,1,4,5,5,4,9,11,7,4,4,4,3,7,1,4,9,2,6,5,7,4,8,1,5,11,2,9,3,5,5,8,7,6,4,10,3,2,6,2,2,2,7,5,2,37,4,4,4,4,10,7,6,6,3,3,9,5,6,3,4,5,11,1,7,4,8,6,8,6,6,5,10,1,9,3,5,10,2,4,4,4,5,7,6,6,3,6,21,4,5,6,1,6,2,7,5,5,5,8,1,2,5,9,9,5,2,3,6,7,9,7,10,3,5,7,8,2,4,3,8,3,6,10,10,3,9,6,10,6,5,14,7,4,6,5,6,6,13,5,3,8,12,1,4,19,6,4,2,5,5,4,3,5,6,8,4,4,3,17,2,11,4,6,9,5,2,2,4,5,5,1,4,2,11,4,2,3,4,8,2,7,5,2,8,4,4,4,5,6,8,2,6,6
"CLU",0,0,0,0,0,0,1,0,0,0,0,0,0,0,0,0,0,0,0,0,1,0,0,0,0,0,0,0,0,0,0,0,0,0,0,0,0,0,0,0,0,0,0,0,0,0,1,0,0,0,0,0,0,0,0,0,0,0,0,1,0,0,0,0,0,0,0,0,0,0,0,0,0,0,0,0,0,0,0,0,0,0,0,0,1,0,0,0,0,0,0,0,0,0,0,0,0,0,0,0,0,0,0,0,0,0,0,0,0,0,0,0,0,0,0,0,0,0,0,0,0,0,0,0,0,0,0,0,0,0,0,0,0,0,0,0,0,0,0,0,0,0,0,0,0,0,0,0,0,0,1,0,0,0,0,0,0,0,0,0,0,0,0,0,0,0,0,0,0,0,0,0,0,0,0,0,0,0,0,0,0,0,0,0,0,0,0,0,0,0,0,0,0,0,0,0,0,0,0,0,0,1,0,0,0,0,0,0,1,0,0,0,0,0,0,0,0,0,0,0,0,0,0,0,0,0,0,0,0,0,0,0,0,0,0,0,0,0,0,0,0,0,0,0,0,0,0,0,0,1,0,0,0,0,0,0,0,0,0,0,0,0,0,0,0,0,0,0,0,0,0,0,1,0,0,0,0,1,0
"PF4",0,0,0,0,0,0,0,0,0,0,0,0,0,0,0,0,0,0,0,0,0,0,0,0,0,0,0,0,0,0,0,0,0,0,0,0,0,0,0,0,0,0,0,0,0,0,0,0,0,0,0,0,0,0,0,0,0,0,0,2,0,0,0,0,0,0,0,0,0,0,0,0,0,0,0,0,0,0,0,0,0,0,0,0,0,0,0,0,0,0,0,0,0,0,0,0,0,0,0,0,0,0,0,0,0,0,0,0,0,0,0,0,0,0,0,0,0,0,0,0,0,0,0,0,0,0,0,0,0,0,0,0,0,0,0,0,0,0,0,0,0,0,0,0,0,0,0,0,0,0,0,0,0,0,0,0,0,0,0,0,0,0,0,0,0,0,0,0,0,0,0,0,0,0,0,0,0,0,0,0,0,0,0,0,0,0,0,0,0,0,0,0,0,0,0,0,0,0,0,0,0,0,0,0,0,0,0,0,0,0,0,0,0,0,0,0,0,0,0,0,0,0,0,0,0,0,0,0,0,0,0,0,0,0,0,0,0,0,0,0,0,0,0,1,0,0,0,0,0,0,0,0,0,0,0,0,0,0,0,0,0,0,0,0,0,0,0,0,0,0,0,0,0,0,0,0,0,0,0
"F13A1",0,0,0,0,0,0,0,0,0,0,0,0,0,0,0,0,0,0,0,0,0,0,0,0,0,0,0,0,0,0,0,0,0,0,0,0,0,0,0,0,0,0,0,0,0,0,0,0,0,0,0,0,0,0,0,0,0,0,0,0,0,0,0,0,0,0,0,0,0,0,0,0,0,0,0,0,0,0,0,0,0,0,0,0,0,0,0,0,0,0,0,0,0,0,0,0,0,0,0,0,0,0,0,0,0,0,0,0,0,0,0,0,0,0,0,0,0,0,0,0,0,0,0,0,0,0,0,0,0,0,0,0,0,0,0,0,0,0,0,0,0,0,0,0,0,0,0,0,0,0,0,0,0,0,0,0,0,0,0,0,0,0,0,0,0,0,0,0,0,0,0,0,0,0,0,0,0,0,0,0,0,0,0,0,0,0,0,0,0,0,0,0,0,0,0,0,0,0,0,0,0,0,0,0,0,0,0,0,0,0,0,0,0,0,0,0,0,0,0,0,0,0,0,0,0,0,0,0,0,0,0,0,0,0,0,0,0,0,0,0,0,0,0,0,0,0,0,0,0,0,0,0,0,0,0,0,0,0,0,0,0,0,0,0,0,0,0,0,0,0,0,0,0,0,0,0,0,0,0
"GNAS",0,0,0,0,1,0,0,0,0,0,0,0,0,0,0,0,1,0,1,1,0,0,0,1,0,0,0,1,0,0,0,0,0,0,1,0,1,0,0,0,0,0,1,0,0,0,0,0,1,1,0,0,1,0,1,1,0,1,0,2,0,0,0,0,0,0,1,0,1,2,0,0,0,1,0,0,1,0,1,1,0,0,1,0,0,0,0,0,1,0,0,0,0,0,0,0,0,0,0,0,0,0,0,0,0,0,0,0,1,0,0,0,0,0,0,0,0,0,0,0,0,0,1,0,1,0,0,0,0,0,0,0,0,0,0,1,1,0,0,1,0,1,1,0,0,0,0,3,0,0,0,0,0,0,0,2,0,1,1,0,0,0,0,0,0,0,0,0,1,0,1,0,1,0,0,1,0,0,2,0,0,0,1,1,0,1,0,0,0,0,0,1,0,0,1,0,0,1,0,0,0,0,0,1,0,0,0,0,0,0,0,0,0,3,0,0,0,0,0,0,0,0,0,0,0,0,1,1,0,1,0,2,0,0,1,0,0,2,0,0,0,0,0,0,0,0,1,0,1,0,1,0,0,0,0,0,0,0,0,0,0,0,2,0,0,0,1,0,0,0,0,0,0,0,2,0,0,0,0
"SPARC",0,0,0,0,0,0,0,0,0,0,0,0,0,0,0,0,0,0,0,0,0,0,0,0,0,0,0,0,0,0,0,0,0,0,0,0,0,0,0,0,0,0,0,0,0,0,0,0,0,1,0,0,0,0,0,0,0,0,0,0,0,0,0,0,0,0,0,0,0,0,0,0,0,0,0,0,0,0,0,0,0,0,0,0,0,0,0,0,0,0,0,0,0,0,0,0,0,0,0,0,0,0,0,0,0,0,0,0,0,0,0,0,0,0,0,0,0,0,0,0,0,0,0,0,0,0,0,0,0,0,0,0,0,0,0,0,0,0,0,0,0,0,0,0,0,0,0,0,0,0,0,0,0,0,0,0,0,0,0,0,0,0,0,0,0,0,0,0,0,0,0,0,0,0,0,0,0,0,0,0,0,0,0,0,0,0,0,0,0,0,0,0,0,0,0,0,0,0,0,0,0,0,0,0,0,0,0,0,0,0,0,0,0,0,0,0,0,0,0,0,0,0,0,0,0,0,0,1,0,0,0,0,0,0,0,0,0,0,0,0,0,0,0,0,0,0,0,0,0,0,0,0,0,0,0,0,0,0,0,0,0,0,0,0,0,0,0,0,0,0,0,0,0,0,0,0,0,0,0
"PTMA",5,14,7,3,12,6,8,6,3,7,8,7,6,6,8,1,3,1,6,6,11,7,11,9,9,2,1,10,5,1,8,11,2,10,59,3,2,6,7,7,5,12,7,13,6,5,6,4,7,12,9,3,6,6,5,5,4,3,10,2,3,6,10,4,5,9,6,3,7,5,5,7,11,3,1,8,7,2,8,3,7,0,5,4,8,3,7,10,3,0,7,4,8,7,10,5,6,8,3,1,6,7,4,5,3,8,13,12,5,8,6,7,6,6,6,5,10,4,9,4,7,2,4,5,5,1,6,8,3,4,4,9,3,10,5,3,22,7,9,5,4,10,9,7,6,2,3,16,11,5,6,3,4,5,14,4,8,4,9,8,4,3,5,6,9,7,3,2,12,6,9,5,13,1,17,4,4,9,6,3,7,0,3,1,11,6,9,5,4,16,13,5,6,4,11,2,4,8,6,10,14,9,4,5,9,4,5,7,13,14,7,11,5,11,4,5,5,3,8,13,6,8,9,7,5,4,6,10,7,10,6,3,9,3,8,9,3,7,11,4,11,6,8,6,8,5,2,7,10,7,4,7,2,8,2,11,3,8,4,2,7,4,9,4,13,4,11,7,5,2,7,6,6,7,2,15,1,4,11
"TAGLN2",1,0,0,1,1,0,0,0,0,1,0,1,0,2,0,0,1,3,1,1,2,2,1,2,2,2,0,0,0,2,0,1,1,2,3,1,0,1,0,0,1,3,4,1,1,0,0,2,2,0,0,1,4,0,1,2,0,0,4,0,1,3,1,4,0,1,0,0,0,1,2,0,0,1,2,0,1,2,2,1,0,0,2,1,0,6,2,0,2,1,4,0,1,0,0,0,2,1,0,0,1,0,1,1,1,0,0,0,8,0,3,0,2,1,2,1,0,1,1,0,0,1,1,0,1,2,1,1,0,0,1,0,0,0,3,0,2,0,0,0,1,0,1,2,1,0,1,0,4,1,1,1,1,0,0,1,5,0,0,1,0,2,2,2,1,2,0,0,0,0,4,1,0,0,0,3,0,0,0,0,1,1,1,0,1,0,1,0,0,3,0,0,1,2,1,0,0,1,0,1,1,0,0,0,2,0,1,2,0,2,0,0,1,0,1,0,0,0,3,1,0,0,3,0,1,0,2,1,0,1,0,1,0,1,1,0,4,1,0,3,1,0,0,0,1,0,1,0,2,3,1,0,0,1,1,0,0,1,1,0,0,0,1,0,1,0,1,0,0,0,1,0,1,1,1,2,1,3,1
"OAZ1",4,3,1,4,2,7,2,1,0,1,2,2,3,3,2,10,4,3,3,5,6,2,3,5,3,2,3,2,2,1,6,3,1,0,5,1,2,3,2,2,3,6,5,4,0,3,5,3,5,5,2,5,1,2,2,5,2,3,1,2,0,4,0,0,0,2,2,0,3,7,1,1,3,2,0,7,1,2,3,3,3,2,2,3,2,3,0,2,4,2,3,4,3,1,3,4,3,0,4,1,2,3,0,3,2,4,4,6,4,2,2,7,2,2,2,5,2,0,3,3,2,3,2,7,0,3,4,4,1,3,2,1,1,1,3,2,5,5,4,1,2,3,4,2,1,4,2,4,0,2,2,1,6,3,4,0,3,1,1,2,2,2,4,2,0,2,4,2,6,5,2,3,1,2,39,15,3,2,6,2,3,1,1,2,2,1,5,0,1,5,1,6,2,3,1,3,1,5,3,1,2,5,2,4,2,2,3,2,2,2,3,3,2,4,4,3,6,6,2,2,1,4,1,4,0,2,2,3,2,10,6,3,1,1,3,3,2,2,0,1,0,5,3,2,2,0,1,1,4,4,2,0,2,0,1,1,0,3,3,0,2,2,3,3,11,1,5,1,3,5,2,3,1,3,5,0,3,1,0
"OST4",0,0,0,1,1,4,2,0,2,2,1,0,2,1,1,0,1,0,1,0,3,1,0,0,0,0,0,1,0,1,1,0,1,0,1,1,3,2,1,1,1,0,1,0,1,3,0,0,1,0,1,1,0,1,0,1,0,1,1,1,0,1,0,1,1,5,3,1,1,3,1,1,1,0,0,1,1,0,0,1,1,2,0,4,1,0,1,1,1,1,0,1,0,1,0,0,1,0,1,3,1,0,1,1,0,0,1,2,0,3,2,0,0,0,0,0,1,0,0,4,1,1,0,2,0,2,4,1,0,0,0,1,0,1,1,0,2,0,0,1,1,1,0,3,1,1,2,1,2,1,0,1,1,0,1,2,1,0,0,0,0,1,1,2,0,1,1,0,1,1,0,0,0,1,0,0,0,0,0,2,0,0,0,1,2,1,0,0,0,0,6,1,2,1,0,1,0,1,0,1,2,1,1,1,0,1,0,0,1,1,1,1,1,4,2,0,0,2,0,2,2,0,1,1,1,1,1,1,2,2,1,0,0,1,0,2,1,1,0,1,3,1,1,0,0,3,1,0,1,2,0,0,0,3,0,1,6,3,0,1,0,0,1,0,3,0,2,1,1,1,0,2,1,0,0,1,2,1,2
