"","AAGATTACCGCCTT-1","AAGCCATGAACTGC-1","AATTACGAATTCCT-1","ACCCGTTGCTTCTA-1","ACGAGGGACAGGAG-1","ACGTGATGCCATGA-1","ACTTAAGATTACTC-1","AGCACTGATGCTTT-1","ATACCACTCTAAGC-1","ATACCGGAATGCTG-1","ATGTAAACGGGATG-1","ATTGTAGATTCCCG-1","CATATAGACTAAGC-1","CGATCAGATGTGAC-1","CTCCACGAGAGATA-1","GAAAGTGAAAGTGA-1","GAAGGTCTTAAAGG-1","GACATTCTCCACCT-1","GCGTAAACACGGTT-1","GGACCGTGGGAACG-1","GGGCCAACCTTGGA-1","GTTAACCTTGCTTT-1","TAGGCATGCTCTCG-1","TCTAACACGAGCAG-1","TGCAATCTTCAGGT-1","TGTAGGTGCTCTAT-1","TTACTCGACGCAAT-1","TTATGGCTTATGGC-1","TTCAGTTGTCCTTA-1","TTGAGGACTACGCA-1","TTTAGCTGTACTCT-1","TTTCGAACACCTGA-1"
"B2M",31,78,53,101,108,47,34,49,51,79,59,69,13,82,66,82,52,124,72,49,105,115,85,27,72,82,69,73,15,48,52,86
"PPBP",0,0,0,0,0,0,0,0,0,0,0,0,0,0,1,0,0,0,0,0,0,0,0,0,0,0,0,0,0,0,0,0
"TMSB4X",37,194,63,68,282,53,40,98,148,106,59,105,32,103,83,149,133,152,139,110,267,117,26,66,110,118,70,127,33,73,108,45
"ACTB",26,106,33,23,166,90,23,78,55,92,16,56,18,58,43,103,75,184,120,39,135,97,25,36,70,76,40,115,10,74,49,39
"FTL",25,29,46,24,36,71,26,31,39,30,36,39,36,20,41,39,16,132,29,41,19,46,9,12,21,24,17,18,16,39,46,17
"CLU",0,0,0,0,0,0,0,0,0,0,0,0,0,0,0,0,0,0,0,0,0,0,0,0,0,1,0,0,0,0,0,0
"PF4",1,0,0,0,0,0,0,0,0,0,0,0,1,0,0,0,0,0,0,0,0,0,0,0,0,0,0,0,0,0,0,0
"F13A1",0,0,0,0,0,1,0,0,0,0,0,1,0,0,0,0,0,0,0,0,0,0,0,0,0,0,0,0,0,0,0,0
"GNAS",0,2,3,1,4,0,0,2,1,2,0,1,3,0,4,2,3,0,2,0,0,0,1,1,1,1,3,1,0,2,1,1
"SPARC",0,0,0,0,0,0,0,0,0,0,0,0,0,0,0,0,0,0,0,0,0,0,0,0,0,0,0,0,0,0,0,0
"PTMA",6,16,12,17,22,14,7,13,16,21,15,16,9,20,19,17,26,24,20,20,22,13,13,5,20,15,19,13,2,17,27,9
"TAGLN2",1,7,2,6,5,4,5,1,1,3,7,4,5,3,6,4,4,1,7,3,12,6,7,6,2,1,2,3,2,4,2,5
"OAZ1",5,11,16,14,18,9,7,10,5,9,13,14,10,13,14,17,23,13,10,12,7,6,6,14,20,21,5,11,4,13,10,24
"OST4",0,2,2,0,2,1,2,0,0,4,1,1,2,3,1,2,3,1,2,0,1,1,1,1,2,2,3,2,0,4,0,3
