"","AAACGCTGTTTCTG-1","AAATCAACCCTATT-1","AAATCATGACCACA-1","AAATTCGAGCTGAT-1","AACACGTGTACGAC-1","AACATTGATGGGAG-1","AACCAGTGATACCG-1","AACCTTACTAACGC-1","AACCTTTGTACGCA-1","AAGCGACTCCTCAC-1","AAGCGACTTTGACG-1","AAGTTCCTCATTCT-1","AATTGATGTCGCAA-1","ACAAATTGATTCTC-1","ACAGCAACCTCAAG-1","ACCAGTGAATACCG-1","ACCCAAGAATTCCT-1","ACCCTCGATCAAGC-1","ACCTATTGTGCCCT-1","ACGACCCTATCTCT-1","ACGCCTTGCTCCCA-1","ACGGAACTGTCGTA-1","ACGTGATGTAACCG-1","ACTGAGACCCATAG-1","ACTTAGCTGCGTAT-1","ACTTGGGATGTGAC-1","AGACGTACTCGTGA-1","AGAGTCTGGTCGTA-1","AGATTAACGTTCTT-1","AGCCAATGGGGAGT-1","AGCCTCACTGTCAG-1","AGCTGAACCATACG-1","AGGAACCTCTTAGG-1","AGGTCTGATTCTCA-1","AGTAGGCTTGCCTC-1","AGTATAACTTGTCT-1","AGTCTACTTGCATG-1","AGTGACTGCAACTG-1","ATAAGTTGGTACGT-1","ATAGTTGACCCTCA-1","ATCAAATGGGTAAA-1","ATCCAGGACGCTAA-1","ATCCATACTTCATC-1","ATCGCAGAATCTCT-1","ATCTGTTGCCTTCG-1","ATGACGTGATCGGT-1","ATTACCTGGAGGAC-1","ATTCGACTTTTGTC-1","ATTGCACTGAGAGC-1","ATTGCACTTGCTTT-1","ATTTAGGAACCATG-1","ATTTCTCTACTTTC-1","ATTTCTCTCACTTT-1","CAAGCTGACCATAG-1","CAATTCTGGCGTAT-1","CACAGCCTTGCCAA-1","CACTGCTGAGACTC-1","CAGACCCTAAGGTA-1","CAGGCCGAATCTCT-1","CATACTTGGGTTAC-1","CATCAGGATCCTAT-1","CATGCGCTAGTCAC-1","CATGCGCTTTGCAG-1","CATTGTACTTTGCT-1","CCACCATGGACGAG-1","CCAGCACTGCGATT-1","CCATCGTGCTAGAC-1","CCCAGACTTTCGCC-1","CCGAAAACCTTGTT-1","CCTATAACGAGACG-1","CCTATAACTGCATG-1","CCTCGAACCCGTAA-1","CCTTAATGTTCTAC-1","CGAGTATGTCACCC-1","CGCAGGACTTGTCT-1","CGCAGGTGCCATAG-1","CGGCACGACTACGA-1","CTACGCACACCTAG-1","CTAGAGACTTTGGG-1","CTAGGTGATGGTTG-1","CTCAGGCTCGTTGA-1","CTCATTGATGCTTT-1","CTCCGAACAAGTGA-1","CTGAAGTGAAGCCT-1","CTGCAGCTGGATTC-1","CTGTGAGACAACCA-1","CTTCACCTACCTGA-1","GAAACCTGGACTAC-1","GAAAGATGCTGATG-1","GAACAGCTAACTGC-1","GAACAGCTCTCAGA-1","GAACTGTGACCTGA-1","GAAGTAGATCCAAG-1","GACAGTACGAGCTT-1","GACAGTACTTCGGA-1","GAGATCACGACAAA-1","GAGCATACTTTGCT-1","GAGTTGTGTATGCG-1","GATATTGACGAGTT-1","GATCTTACACCCAA-1","GATTCGGAGAAGGC-1","GATTTAGACACTCC-1","GCACTAGACCTTTA-1","GCCTACACCACTGA-1","GCCTAGCTTCTCTA-1","GCGTAATGCACCAA-1","GCTCAAGAACCATG-1","GGCACGTGGCTTAG-1","GGCGCATGCCTAAG-1","GGGAACGAAGCTCA-1","GGGCACACGGTGAG-1","GTACCCTGACAGTC-1","GTAGCTGAAGCTAC-1","GTCCACTGGGTACT-1","GTCTAACTGGTCTA-1","GTGGATTGCACTAG-1","GTTAGGTGCCCAAA-1","GTTGGATGTTTACC-1","TAAGCGTGTGCTCC-1","TACATCACCTGTTT-1","TACATCACTGAACC-1","TACGCCACTCCCAC-1","TAGCATCTGCTGTA-1","TAGGTTCTTCTTAC-1","TATAAGACAGCTCA-1","TATAAGTGACACCA-1","TATAAGTGTGGTGT-1","TATAGATGTTCCGC-1","TATCGACTCGATAC-1","TATGAATGTTTGCT-1","TCAATCACAGTCGT-1","TCACCGTGCTCGCT-1","TCACCTCTTCCAAG-1","TCAGGATGCCTTTA-1","TCATTCGATACAGC-1","TCCCGAACTTCGCC-1","TCGACCTGCCGATA-1","TCTAAGCTTCTAGG-1","TGAACCGACTACTT-1","TGAACCGATTCGGA-1","TGAGCTGAATGCTG-1","TGAGGTACGAACCT-1","TGATCGGACTGACA-1","TGATCGGATATGCG-1","TGCCAAGAGCAGTT-1","TGCCCAACCGCATA-1","TGCGTAGATGGTCA-1","TGGAAAGAGGTCAT-1","TGTACTTGCTCTAT-1","TGTCAGGAGATGAA-1","TGTGAGACTGTCAG-1","TGTGAGTGAGTGCT-1","TGTTACACCGCATA-1","TGTTACACGACTAC-1","TTCAACACGGACGA-1","TTCACAACGTCTGA-1","TTCCTAGACTAGTG-1","TTCGAGGATAGAAG-1","TTCTTACTCTGGAT-1","TTGAATGAACTACG-1","TTGCTAACACGCTA-1","TTGCTATGGTAGGG-1"
"B2M",33,54,79,70,49,106,77,35,78,14,57,32,77,102,65,47,59,64,61,62,62,29,59,41,48,15,40,150,57,37,78,46,57,37,43,82,93,76,30,61,87,99,139,144,72,80,55,65,56,97,105,83,68,103,72,42,66,69,23,175,98,91,127,97,80,85,56,76,66,14,31,54,93,50,95,43,62,65,66,76,79,59,54,99,59,145,73,76,121,104,81,55,78,127,92,109,102,68,88,56,77,77,34,46,104,86,76,60,50,91,62,81,101,70,67,104,31,79,68,79,94,126,59,66,76,59,90,59,60,70,64,79,53,79,122,71,63,64,45,43,59,61,70,26,30,42,103,50,100,149,29,52,50,42,52,13,29,41,32,33,34,55
"PPBP",0,1,0,0,0,0,0,0,0,0,0,0,0,0,0,0,0,0,0,0,0,1,0,0,0,1,0,0,0,0,0,0,0,0,0,0,0,0,0,0,3,0,0,0,0,0,0,0,0,0,0,0,0,0,0,0,0,0,0,0,0,0,0,0,0,0,0,0,0,0,0,0,0,0,0,1,0,0,0,0,0,0,0,0,0,0,1,2,0,0,0,0,0,0,0,0,0,0,0,0,0,0,0,0,0,0,0,0,0,0,0,0,0,0,1,0,0,0,0,0,0,1,0,0,0,0,0,0,0,0,0,0,0,1,0,0,0,0,0,0,0,0,0,0,0,0,0,0,0,1,0,0,0,0,0,0,0,0,0,0,0,0
"TMSB4X",30,148,123,65,121,68,144,122,161,52,136,118,150,140,120,75,79,44,106,88,55,125,64,115,91,20,66,129,153,61,153,119,96,65,94,108,109,142,92,191,104,77,111,87,79,121,139,65,88,252,144,126,102,116,51,66,82,129,76,123,252,150,136,126,120,181,76,141,169,83,94,65,83,132,140,131,83,116,150,99,107,98,55,110,65,112,174,158,126,131,103,114,96,140,138,84,108,120,112,104,91,150,75,87,92,105,131,87,55,130,120,145,143,107,149,122,45,185,76,91,128,154,134,138,112,138,154,98,97,132,73,90,86,120,118,102,67,106,104,94,189,127,100,55,77,46,134,128,173,92,76,100,60,49,79,14,36,96,64,63,56,151
"ACTB",0,43,34,38,47,70,129,20,62,14,58,20,102,34,53,32,35,11,55,35,25,25,45,50,58,22,11,70,71,31,80,32,35,39,47,84,49,59,9,100,52,38,54,47,66,41,45,38,30,59,95,41,47,49,25,18,45,76,24,73,102,98,76,49,34,44,28,39,120,17,24,24,35,77,167,48,35,32,105,54,50,36,30,89,46,64,67,102,89,66,79,58,39,66,102,55,68,56,46,50,50,69,34,15,53,43,54,26,54,81,22,87,59,33,18,44,36,55,49,51,44,71,52,41,77,103,53,41,28,54,18,40,48,30,88,49,26,28,21,23,34,102,48,13,16,37,63,57,110,57,26,38,57,20,24,13,20,30,27,26,39,42
"FTL",44,163,89,133,119,220,121,110,169,102,158,76,134,152,158,174,146,62,182,100,51,213,95,222,63,51,117,93,184,47,248,124,139,104,235,117,175,197,48,206,151,86,55,68,198,141,180,100,118,206,169,223,106,146,79,89,92,130,166,88,391,204,174,135,150,121,97,154,224,72,216,135,137,237,190,248,132,170,170,106,168,114,80,136,191,113,196,242,241,154,145,184,109,197,148,79,95,77,138,138,156,217,122,54,70,127,229,172,87,112,114,211,161,188,96,154,56,231,240,134,122,222,126,197,122,105,248,173,106,102,79,73,67,105,120,235,70,174,118,127,120,207,120,72,87,94,180,94,77,112,122,163,91,77,77,13,84,109,54,92,185,77
"CLU",0,1,0,0,0,0,0,0,0,0,0,0,0,0,1,0,0,0,0,0,0,0,0,0,0,0,0,0,0,0,0,0,0,0,0,0,0,0,0,1,0,0,0,0,0,0,0,0,0,0,0,0,0,0,0,0,0,0,0,0,0,0,0,0,0,0,0,0,0,0,0,0,0,0,0,0,0,0,0,0,0,0,0,0,0,0,0,1,0,0,0,0,0,0,0,0,0,0,0,0,0,0,0,0,0,0,0,0,0,0,0,0,0,0,0,0,0,0,0,0,0,0,0,0,0,0,0,0,0,0,1,0,0,0,0,0,0,0,1,0,0,0,0,0,0,0,0,0,0,1,0,0,0,0,0,0,0,0,0,0,0,0
"PF4",0,0,0,0,0,0,0,0,0,0,0,0,1,0,0,0,2,0,0,0,0,0,0,0,0,0,0,0,0,0,0,0,0,0,0,0,0,0,0,0,0,0,0,0,0,0,0,0,0,0,0,0,0,0,0,0,0,0,0,0,0,0,0,0,0,0,0,0,0,0,0,0,0,0,0,1,0,0,0,0,0,0,0,0,0,0,0,4,0,0,0,0,0,0,0,0,0,0,0,0,0,0,0,1,0,0,0,0,0,0,0,0,0,0,0,0,0,0,0,0,0,0,0,0,0,0,0,0,0,0,0,0,0,0,0,0,0,0,0,0,0,0,0,0,0,0,0,0,0,1,0,0,0,0,0,0,0,0,0,0,0,0
"F13A1",0,0,0,0,0,0,0,0,0,0,0,0,0,0,0,0,0,0,0,0,0,0,0,0,0,0,0,0,0,0,0,0,0,0,0,0,0,0,0,0,0,0,0,0,0,0,0,0,0,0,0,0,0,0,0,0,0,0,0,0,0,0,0,0,0,0,0,0,0,0,0,0,0,0,0,0,0,0,0,0,0,0,0,0,0,0,0,2,0,0,0,0,0,0,0,0,0,0,0,0,0,0,0,0,0,0,0,0,0,0,0,0,0,0,0,0,0,0,0,0,0,0,0,0,0,0,0,0,0,0,0,0,0,0,0,0,0,0,0,0,0,0,0,0,0,0,0,0,0,0,0,0,0,0,0,0,0,0,0,0,0,0
"GNAS",0,0,0,1,2,1,2,0,0,0,1,0,0,0,0,2,1,1,0,0,0,1,0,0,1,0,2,0,0,0,1,0,0,0,0,0,1,3,0,1,4,0,0,0,3,2,0,0,1,2,6,0,1,1,0,0,0,1,0,1,2,2,1,1,0,0,1,1,1,0,0,0,1,1,0,1,0,0,1,3,1,2,0,0,0,0,1,3,2,0,2,3,0,2,3,0,0,0,0,1,3,0,2,0,2,1,1,0,1,2,1,1,2,1,1,1,2,0,0,0,2,0,0,2,0,4,2,0,2,0,0,0,0,0,1,1,1,1,0,0,1,0,3,0,0,0,2,1,1,1,1,1,0,1,1,0,0,1,0,0,1,1
"SPARC",0,0,0,0,0,0,0,0,0,0,0,0,0,0,0,0,0,0,0,0,0,0,0,0,0,0,0,0,0,0,0,0,0,0,0,0,0,0,0,0,0,0,0,0,0,0,0,0,0,0,0,0,0,0,0,0,0,0,0,0,0,0,0,0,0,0,0,0,0,0,0,0,0,0,0,1,0,0,0,0,0,0,0,0,0,0,0,0,0,0,0,0,0,0,0,0,0,0,0,0,0,0,0,0,0,0,0,0,0,0,0,0,0,0,0,0,0,0,0,0,0,0,0,0,0,0,0,0,0,0,0,0,0,0,0,0,0,0,0,0,0,0,0,0,0,0,0,0,0,4,0,0,0,0,0,0,0,0,0,0,0,0
"PTMA",2,17,10,9,4,27,17,6,9,5,14,6,26,19,18,10,36,6,13,19,16,8,7,10,13,4,6,15,12,15,15,20,17,4,11,24,9,18,2,14,14,16,8,13,11,5,13,8,11,4,14,31,11,13,5,6,21,8,8,35,26,22,13,12,15,15,6,12,17,5,6,9,9,9,13,30,5,8,25,13,20,13,25,17,13,17,6,17,9,17,23,11,18,15,10,8,26,15,16,15,19,13,10,9,16,11,27,13,12,14,17,26,19,10,3,11,15,17,16,23,25,18,9,18,15,13,18,12,19,26,10,15,13,13,19,14,12,21,13,9,12,14,22,6,22,11,18,12,20,22,12,18,14,6,8,1,29,7,10,14,10,21
"TAGLN2",2,3,0,1,2,5,1,1,2,0,0,0,1,1,2,6,1,0,1,0,2,0,2,0,1,0,1,2,0,0,4,0,0,2,5,1,1,0,1,1,2,2,1,4,1,0,0,2,1,0,0,2,0,1,0,1,0,3,1,5,0,0,2,1,5,1,0,0,0,0,0,0,3,0,7,7,0,2,2,2,2,1,1,0,1,0,1,5,2,7,3,0,1,1,0,1,1,2,3,4,1,1,1,2,2,3,1,3,0,1,0,1,0,1,0,0,0,1,2,1,0,0,1,0,2,1,3,0,2,2,3,3,1,3,1,3,1,3,2,0,1,1,1,1,0,5,0,0,0,5,0,2,1,0,0,0,0,0,0,1,0,5
"OAZ1",3,25,24,16,11,23,21,28,20,4,23,11,22,22,14,15,14,8,15,9,19,9,21,16,21,6,8,17,25,13,18,15,11,18,17,17,19,15,6,18,17,12,22,12,12,9,26,9,24,40,36,21,16,18,4,14,16,24,14,21,28,15,18,16,19,20,15,21,24,6,8,13,16,20,23,19,15,15,26,11,19,16,18,28,16,10,28,28,21,23,21,18,14,22,15,19,21,28,23,17,20,25,16,10,9,27,13,15,9,18,43,26,22,11,14,6,7,25,12,14,23,16,13,17,15,25,21,25,29,23,9,24,17,6,28,16,6,12,14,11,20,11,10,8,13,53,25,61,31,17,12,18,11,12,12,3,7,12,1,14,12,14
"OST4",2,0,1,0,1,2,3,0,2,0,0,0,2,4,1,1,0,2,3,2,2,0,3,0,1,0,1,0,1,0,2,3,0,0,2,4,0,3,0,1,1,3,1,2,0,2,0,0,0,3,0,3,0,1,0,0,2,1,1,6,2,3,3,1,1,0,1,3,0,1,0,0,1,1,2,1,0,0,0,1,1,1,1,1,3,2,2,1,2,2,0,2,0,7,2,1,4,0,0,1,2,1,1,1,1,1,3,1,1,1,0,4,1,5,0,2,0,3,1,1,1,1,0,2,0,1,2,2,1,0,0,3,2,1,2,1,0,0,4,0,5,3,1,0,1,0,0,1,0,0,0,0,1,0,1,1,0,0,1,0,1,2
