"","AAACATACAACCAC-1","AAACATTGATCAGC-1","AAACGCACTGGTAC-1","AAAGCCTGTATGCG-1","AAATCAACTCGCAA-1","AAATGTTGCCACAA-1","AAATTGACTCGCTC-1","AACACGTGCAGAGG-1","AACCGCCTAGCGTT-1","AACGCAACAAGTAG-1","AACGCCCTCGGGAA-1","AACGCCCTGGCATT-1","AACGTGTGTGCTTT-1","AACTCTTGCAGGAG-1","AAGCAAGAGCGAGA-1","AAGCCTGACATGCA-1","AAGGTCTGACAGTC-1","AAGTTCCTTCTTAC-1","AATAAGCTCGAATC-1","AATACCCTGGCATT-1","AATCTAGAAAAGTG-1","AATGGCTGCGTGAT-1","AATGTCCTCTTCTA-1","AATGTTGACAGTCA-1","AATGTTGATCTACT-1","AATTACGAGTGAGG-1","ACAACCGAGTTACG-1","ACAATCCTAACCGT-1","ACACGAACAGTTCG-1","ACAGACACGGCATT-1","ACAGACACGTTGTG-1","ACCAGCCTGACAGG-1","ACCATTACGAGATA-1","ACCCAAGAGGACAG-1","ACCCAGCTCAGAAA-1","ACCCTCGACCTATT-1","ACCGTGCTACCAGT-1","ACCTCCGAGTCCTC-1","ACGAGGGATGTAGC-1","ACGATGACAATGCC-1","ACGATGACTGGTCA-1","ACGCCGGAAATGCC-1","ACGCGGTGGCGAGA-1","ACGGATTGGTTAGC-1","ACGGCTCTGAGCAG-1","ACGGTCCTAACGGG-1","ACGTAGACAACCAC-1","ACGTCAGAAACGAA-1","ACGTGCCTCCGTAA-1","ACTACGGAATTTCC-1","ACTAGGTGGAACTC-1","ACTCCTCTCAACTG-1","ACTTAGCTGGGAGT-1","ACTTCAACAAGCAA-1","ACTTGGGAGGTTTG-1","AGAACAGAGACAAA-1","AGAAGATGTGACTG-1","AGACCTGACCAACA-1","AGACGTACAGAGGC-1","AGAGTGCTGTCATG-1","AGATATACGATGAA-1","AGCACTGAGGGAGT-1","AGCACTGATATGCG-1","AGCATCGAAGATCC-1","AGCATCGAGTGAGG-1","AGCCGGTGCCAATG-1","AGCCGTCTGAGAGC-1","AGCGAACTTACTGG-1","AGCGCCGACAGAGG-1","AGCGTAACATGCTG-1","AGCTGCCTTTCATC-1","AGCTGCCTTTCTGT-1","AGGAAATGAGGAGC-1","AGGAATGATAACGC-1","AGGAATGATTTGTC-1","AGGATAGACATTTC-1","AGGCCTCTCGGAGA-1","AGGGCGCTATGGTC-1","AGGTGGGAAGAATG-1","AGTAAGGAGTTTGG-1","AGTAAGGATTCTTG-1","AGTAATTGTCCCAC-1","AGTACGTGCTTGGA-1","AGTACTCTCGGTAT-1","AGTCAGACGAATAG-1","AGTCAGACTGCACA-1","AGTCCAGATTTCAC-1","AGTCGCCTCCGTAA-1","AGTGTTCTAACCTG-1","AGTTAAACCACTTT-1","AGTTATGACTGAGT-1","AGTTATGAGTTCAG-1","ATAACATGTACTCT-1","ATAACCCTTGGTAC-1","ATAAGTTGTCTAGG-1","ATAATGACCTACTT-1","ATACCGGACTTCGC-1","ATACCTACGCATCA-1","ATAGATACCATGGT-1","ATAGCGTGCAGATC-1","ATAGCGTGTCTCTA-1","ATATACGAATTGGC-1","ATATGCCTGGACAG-1","ATATGCCTTCTCTA-1","ATCAACCTAAACGA-1","ATCACACTTTGTCT-1","ATCCAGGATGGAAA-1","ATCGCGCTGGGATG-1","ATCTACACCGGGAA-1","ATCTGTTGAACGGG-1","ATCTGTTGGTTGCA-1","ATCTTGACACCAAC-1","ATGAAACTCTGTGA-1","ATGAGAGAAAGTGA-1","ATGATATGAAACAG-1","ATGCAGTGTTCTAC-1","ATGCTTTGCGAATC-1","ATGGACACATCGGT-1","ATGGGTACTATTCC-1","ATGGGTACTGGGAG-1","ATGTAAACCCGCTT-1","ATGTAAACTCTCCG-1","ATGTACCTTAGTCG-1","ATGTCGGAGGTGAG-1","ATGTTCACCGTAGT-1","ATGTTGCTTTCAGG-1","ATTAAGACTGCAGT-1","ATTATGGAATCTCT-1","ATTCAAGACCTTTA-1","ATTCGGGATTAGGC-1","ATTGATGAGCGAAG-1","ATTGCACTTAGCCA-1","ATTGTCTGCGTACA-1","ATTTAGGACAGAGG-1","ATTTCCGAGATGAA-1","ATTTCCGAGTGCTA-1","ATTTCTCTAGCAAA-1","CAACCAGAAGTGCT-1","CAACCGCTTTGAGC-1","CAAGGTTGCTCCAC-1","CAATATGACATGGT-1","CACAATCTTTCCAT-1","CACAGAACCTGATG-1","CACAGATGGGATTC-1","CACCGGGAATCGAC-1","CACCGGGACTTCTA-1","CACCTGACCAGAAA-1","CACGGGACGTAGGG-1","CACTGCACTTCATC-1","CACTGCTGGAAAGT-1","CACTTAACCGAATC-1","CAGACATGTCGACA-1","CAGACCCTAGGAGC-1","CAGATCGATATGGC-1","CAGCAATGTGACCA-1","CAGCCTACCCAACA-1","CAGCCTTGGGGACA-1","CAGCGTCTAAAGCA-1","CAGCGTCTTATCGG-1","CAGCTCTGAGGCGA-1","CAGGCCGAACACGT-1","CAGGGCACTCCCGT-1","CAGGTATGTGCTTT-1","CAGTGATGGGACAG-1","CAGTTACTGATAGA-1","CATAACCTTCTCCG-1","CATCAACTAGAAGT-1","CATCGCTGGGATCT-1","CATCGGCTATGCTG-1","CATCGGCTTTGGCA-1","CATGCCACTGCCAA-1","CATGTTACCTGAGT-1","CCAAGAACCCAATG-1","CCAAGATGTTTCAC-1","CCAAGTGATCAAGC-1","CCAGAAACGAACTC-1","CCAGCGGATGGGAG-1","CCAGGTCTATGGTC-1","CCAGTGCTAACCAC-1","CCAGTGCTCGTAGT-1","CCATCGTGAACGGG-1","CCCGATTGTGTTTC-1","CCCTAGTGCAAAGA-1","CCGACACTGGTTTG-1","CCGACTACTGAGGG-1","CCTCGAACTTACTC-1","CCTGGACTCGTGAT-1","CGAACATGTCAGAC-1","CGAAGACTGTTACG-1","CGACCGGATGGAAA-1","CGACCTTGCTAGTG-1","CGACGTCTCGTGTA-1","CGACTCTGTGTGAC-1","CGAGCCGAACACCA-1","CGAGCCGAGGCGAA-1","CGAGCGTGCTCCAC-1","CGAGCGTGGATACC-1","CGATACGACAGGAG-1","CGATAGACCGTACA-1","CGATCAGAGGTACT-1","CGCACTACAGCCAT-1","CGCACTACATTGGC-1","CGCAGGTGCACTGA-1","CGCAGGTGGGAACG-1","CGCCATACTGCAAC-1","CGCCATTGCTATGG-1","CGCCATTGGAGACG-1","CGCCTAACTGCTCC-1","CGCGAGACACAGCT-1","CGCGAGACGCTACA-1","CGCGGATGGCCAAT-1","CGCTAAGAATGTCG-1","CGGAATTGGTTTGG-1","CGGAATTGTGGAGG-1","CGGACTCTCCAATG-1","CGGATAACAGCTCA-1","CGGCGAACGGTCTA-1","CGGTAAACTCGCAA-1","CGGTCACTGTTTGG-1","CGGTCACTTACTTC-1","CGTAACGATCGCCT-1","CGTACCACACACAC-1","CGTAGCCTGCGAAG-1","CGTCAAGACAGAGG-1","CGTGTAGAAAAACG-1","CGTTAGGAAACCAC-1","CGTTTAACTGGTCA-1","CTAACACTAACGTC-1","CTAAGGACCGTTAG-1","CTAAGGTGTTGCAG-1","CTACCTCTCAACCA-1","CTACGCACTCTCCG-1","CTACTATGCTAAGC-1","CTAGAGACACTTTC-1","CTAGATCTCTCTAT-1","CTAGATCTTCGACA-1","CTAGGCCTCTCAGA-1","CTAGTTACCGCATA-1","CTATCAACGCAGAG-1","CTATGTACGAGAGC-1","CTATGTTGAAAGCA-1","CTATGTTGTCTCGC-1","CTCAATTGGTTCAG-1","CTCAGCACTCTAGG-1","CTCATTGACCTTAT-1","CTGAACGACAGTCA-1","CTGAACGATGAGGG-1","CTGAAGACCCAACA-1","CTGAATCTGAATAG-1","CTGAGAACCGGGAA-1","CTGCCAACAGGAGC-1","CTGGATGACTTGTT-1","CTGTAACTAACCAC-1","CTTAGACTAAACGA-1","CTTAGGGACTTGCC-1","CTTATCGACTCATT-1","CTTGATTGCATTCT-1","CTTGATTGTTTCGT-1","CTTTGATGTGTCCC-1","GAAACCTGATGCCA-1","GAAACCTGCTTATC-1","GAAACCTGTGCTAG-1","GAAAGATGATTTCC-1","GAAAGTGACTCAAG-1","GAAATACTTCCTCG-1","GAACCTGAACGTGT-1","GAACCTGAGAGACG-1","GAACCTGATGAACC-1","GAAGCTACGGTTTG-1","GAAGGGTGAAAGTG-1","GAAGGTCTGAAAGT-1","GAAGTGCTTAACCG-1","GAATGCACCCTAAG-1","GACAACTGAGGTTC-1","GACAGGGAATGCCA-1","GACCTAGACGAGAG-1","GACGCCGACCTTCG-1","GACGTAACCTGTGA-1","GACGTAACTATGGC-1","GACGTCCTACGGAG-1","GACTCCTGTTATCC-1","GAGATGCTGAATGA-1","GAGGGAACACCAGT-1","GAGGGAACGAGGGT-1","GAGGGCCTTCACCC-1","GAGTCTGATCGTGA-1","GAGTGACTCAGCTA-1","GAGTGTTGCTGTAG-1","GATATAACAAGGTA-1","GATCGAACCGAGAG-1","GATCGTGATTCACT-1","GATCTACTGGTGAG-1","GATCTTACCCTACC-1","GATGCCCTACGTAC-1","GATTGGTGTGTCAG-1","GCAAGACTACTGGT-1","GCAAGACTAGGTCT-1","GCAATCGACTGCAA-1","GCAATTCTCGTGTA-1","GCAATTCTTCTCCG-1","GCACAAACGGTACT-1","GCACCTACGCGATT-1","GCACGGACCAGCTA-1","GCACGGTGACCTCC-1","GCACTAGAACGGGA-1","GCAGCTCTGTTTCT-1","GCAGTCCTAACTGC-1","GCATTGGAGAAGGC-1","GCCAAATGATCGAC-1","GCCACTACGTCTTT-1","GCCGAGTGCGTTGA-1","GCCGGAACTTACTC-1","GCCTCAACTCTTTG-1","GCTACCTGATCACG-1","GCTACGCTAGCTAC-1","GCTACGCTCCCTAC-1","GCTAGAACGGATCT-1","GCTATACTGGACGA-1","GGAACTACTACTTC-1","GGAACTTGAGAATG-1","GGAAGGACCACTAG-1","GGAAGGACGAGGGT-1","GGAAGGACGCGAAG-1","GGAATCTGAAGGGC-1","GGAATCTGAGGAGC-1","GGACAGGATCTCGC-1","GGACCGTGTAACGC-1","GGAGCGCTCCGAAT-1","GGAGGTGATACGCA-1","GGAGGTGATCGCTC-1","GGATACTGCAGCTA-1","GGATACTGTCTAGG-1","GGATAGCTCGTCTC-1","GGATTTCTAGGTTC-1","GGCAAGGAAGAAGT-1","GGCACTCTTTTGTC-1","GGCATATGTGTGAC-1","GGCCAGACTGGTTG-1","GGCCGATGCAGGAG-1","GGCCGATGCCGAAT-1","GGCGACTGCGTAAC-1","GGCGCATGCTCCAC-1","GGCGGACTAGAGGC-1","GGCGGACTTGAACC-1","GGGACCACGAATAG-1","GGGATGGATACTTC-1","GGGCACACGTTGCA-1","GGGCCATGTTGACG-1","GGGTAACTCAGCTA-1","GGTACAACTGCAAC-1","GGTACATGAGCTCA-1","GGTACATGGTTACG-1","GGTACATGTGGGAG-1","GGTAGTACTGTCTT-1","GGTGGAGAAGTAGA-1","GGTGGAGATCGATG-1","GTATCTACGTTACG-1","GTATTAGAAACAGA-1","GTCAACGACACTGA-1","GTCACCTGTCCCGT-1","GTCATACTTTGACG-1","GTGACCCTTAAGCC-1","GTGATGACAAGTGA-1","GTGATTCTCATTTC-1","GTGGATTGCGGAGA-1","GTGTAGTGGGTACT-1","GTTAACCTAGCTAC-1","GTTGAGTGTGCTTT-1","TAAACAACCAACCA-1","TAAAGACTCAGGAG-1","TAACTAGAATTTCC-1","TAACTAGACTTAGG-1","TAAGATTGCGTAGT-1","TAAGATTGTTGCTT-1","TAAGGCTGCCATGA-1","TAAGGGCTGCTGTA-1","TAAGTAACCTGTAG-1","TAAGTAACTTGTCT-1","TAATGCCTCATGAC-1","TAATGTGATTACTC-1","TACAAATGGGTACT-1","TACAATGACTTAGG-1","TACACACTCTTACT-1","TACGAGTGCGGAGA-1","TACGAGTGGTTGGT-1","TACGCCACATTCCT-1","TACGTACTACGGAG-1","TACGTACTCAGTTG-1","TACGTTACAGAAGT-1","TACTAAGATTGCGA-1","TACTACACGAGAGC-1","TACTCTGACGAGTT-1","TAGCCCACAAAAGC-1","TAGCCCTGCGGAGA-1","TAGCCGCTTACGAC-1","TAGCTACTGTAGCT-1","TAGGACTGTGCTGA-1","TAGGTGACACACTG-1","TAGGTGTGTTCTGT-1","TAGGTTCTGAAGGC-1","TAGTAAACGTCACA-1","TAGTATGATTCTCA-1","TATACGCTACCAAC-1","TATAGATGGACGGA-1","TATCTGACTGTTTC-1","TATGCGGATAACCG-1","TCACATACACTTTC-1","TCAGACGACGCTAA-1","TCATCATGCAGTTG-1","TCATCCCTTACTGG-1","TCCACGTGGAAACA-1","TCCACTCTACACTG-1","TCCATAACGATGAA-1","TCCCACGATCATTC-1","TCCCGATGAGATCC-1","TCCGGACTGAGGTG-1","TCCTAAACCGAGAG-1","TCCTACCTGTCGTA-1","TCGACGCTTTGACG-1","TCGAGAACGACAGG-1","TCGAGAACGTTAGC-1","TCGATACTTGCACA-1","TCGGACCTGTACAC-1","TCGTAGGATCGACA-1","TCGTTATGGACAAA-1","TCTAACTGAACCAC-1","TCTCTAGAATTTCC-1","TGACCGCTAAAAGC-1","TGACGCCTGTACCA-1","TGACGCCTTTACTC-1","TGACTGGATTCTCA-1","TGACTTACACACCA-1","TGACTTTGTTTGTC-1","TGAGACACAAGGTA-1","TGAGGACTTCATTC-1","TGATAAACGAATCC-1","TGATTAGACATTGG-1","TGATTCTGCCGAAT-1","TGATTCTGCTCTTA-1","TGCAAGTGAGAACA-1","TGCCAAGATCTCTA-1","TGCGATGAACGGTT-1","TGGAAAGAGCGATT-1","TGGACTGAGTATGC-1","TGGGTATGAAGAGT-1","TGGGTATGCACAAC-1","TGGTAGACATGCCA-1","TGGTAGACCTGATG-1","TGTAGGTGCTATGG-1","TGTATCTGTTAGGC-1","TGTGAGACTTGAGC-1","TTACACACGTGTTG-1","TTACCATGGTTGAC-1","TTACGACTGAGAGC-1","TTAGCTACTTTCGT-1","TTAGTCACCAGTTG-1","TTAGTCTGTGCACA-1","TTATTCCTTCGTGA-1","TTCAAGCTAGATGA-1","TTCAAGCTGTTGAC-1","TTCAGTACTCAAGC-1","TTCAGTTGCCAAGT-1","TTCATGTGTGGTGT-1","TTCGAGGACTCTAT-1","TTCGAGGAGGGCAA-1","TTCTACGAGTTGGT-1","TTCTAGTGACACGT-1","TTCTCAGATGGAGG-1","TTGGAGACCAATCG-1","TTGTACACTTGCAG-1","TTGTAGCTAGCTCA-1","TTTCCAGAGGTGAG-1"
"B2M",76,69,57,65,70,47,128,51,72,58,88,51,57,50,63,64,54,57,63,56,59,47,53,78,96,61,36,48,38,62,54,67,87,37,47,51,110,43,77,129,80,22,45,42,67,50,45,44,58,40,64,82,53,110,44,92,65,61,48,75,39,44,49,56,56,75,45,48,64,50,61,42,53,52,24,70,34,35,42,64,53,56,61,67,79,48,64,59,73,65,80,46,82,60,52,41,64,52,45,43,45,75,58,25,53,49,50,45,47,41,59,69,75,49,103,53,52,57,58,51,51,78,63,55,82,66,65,61,51,91,92,44,37,62,40,41,89,86,52,58,54,72,72,68,83,206,50,24,50,63,43,72,48,64,43,24,116,143,32,52,63,51,64,63,117,104,57,67,34,38,61,42,39,67,49,56,62,49,59,63,49,49,50,57,51,54,39,69,72,52,45,55,70,54,51,53,56,138,56,93,66,33,49,74,48,36,59,90,46,47,45,58,55,41,11,57,78,57,37,85,70,45,61,63,58,31,61,52,78,53,73,50,47,57,36,45,38,41,49,49,50,84,65,49,87,44,52,49,61,61,53,61,61,63,65,37,70,49,69,52,65,28,46,72,117,113,64,36,59,60,65,58,64,99,53,56,71,52,93,49,36,39,41,50,83,46,88,56,81,118,49,49,48,61,45,86,45,45,63,67,53,80,59,37,37,33,36,53,67,22,58,24,85,31,52,77,86,61,52,51,64,102,54,48,77,52,62,61,42,40,33,50,89,38,55,89,57,49,74,76,45,46,51,51,36,86,65,58,45,59,40,40,70,76,60,59,84,120,51,46,47,57,80,51,66,56,62,78,65,58,45,55,47,50,46,87,86,65,60,70,56,55,22,40,48,53,117,46,24,56,65,61,59,39,78,48,54,58,43,67,75,71,61,43,37,56,65,50,41,79,35,66,34,42,43,58,71,71,42,48,71,48,82,56,53,60,55,53,98,133,75,61,35,87,50,52,48,59,61,53,47,44,66,72,41,61,49,41,88,42,56,52,33,72,50,88,36,61,48,51,82,50,54,95,110,56,70,53,101,64,38,60
"PPBP",0,0,0,0,0,0,0,0,0,0,0,0,0,0,0,1,0,0,0,0,0,0,0,0,0,0,0,0,0,0,0,0,0,0,0,0,0,0,0,0,0,0,0,0,0,0,0,0,0,0,0,0,0,0,0,0,0,0,0,0,0,0,0,0,0,0,0,0,0,0,0,0,0,0,0,0,0,0,0,0,0,0,0,0,0,0,1,0,0,0,0,0,0,0,0,0,0,0,0,0,0,0,0,0,0,0,0,0,0,0,0,0,0,0,0,0,0,0,0,0,0,0,0,0,0,0,0,0,0,0,0,0,0,0,0,0,0,0,0,0,0,0,0,0,0,0,0,0,0,0,0,0,0,0,0,0,0,0,0,0,0,0,0,0,0,0,0,0,0,0,0,0,0,0,0,0,0,0,0,0,0,0,0,0,0,0,0,0,0,0,0,0,0,0,0,0,0,0,0,0,0,0,0,0,0,0,0,0,0,0,0,0,0,0,0,0,0,0,0,0,0,0,0,0,0,0,0,0,0,0,0,0,0,0,0,0,0,0,0,0,0,0,0,0,0,0,0,0,0,0,0,0,0,0,0,0,0,0,0,0,0,0,0,0,0,0,0,1,0,0,0,0,0,0,0,0,0,0,0,0,0,0,0,0,0,0,0,0,0,0,0,0,0,0,0,0,0,0,0,0,0,0,0,0,0,0,1,0,0,0,0,0,0,0,0,0,0,0,0,0,0,0,0,0,0,0,0,0,0,0,0,0,0,0,0,1,0,0,0,0,0,0,0,0,1,0,0,0,0,0,0,0,0,0,0,0,0,0,0,0,0,0,0,0,0,0,0,0,0,0,0,0,0,0,0,0,0,0,0,0,0,0,0,0,0,0,1,0,0,0,0,0,0,0,0,0,0,0,0,0,0,0,0,0,0,0,0,0,0,0,0,0,0,1,0,0,0,0,0,0,0,0,0,0,0,0,0,0,0,0,0,0,0,0,0,0,0,0,0,0,0,0,0,0,0,0,0,0,0,0,0,0,0,0,0,0,0,0,0,0,0,0,0,0,0,0,0,0,0,0,0,0
"TMSB4X",47,117,38,87,40,37,62,42,76,54,58,40,52,52,50,61,39,48,52,45,44,41,57,56,53,73,38,53,34,49,50,53,50,65,51,44,52,44,42,53,34,19,44,47,77,66,48,36,39,42,47,72,85,133,26,60,59,57,56,67,51,52,62,26,52,51,37,44,61,93,121,63,54,30,42,53,44,47,26,34,37,68,51,55,56,42,33,57,63,55,53,65,60,47,48,54,54,39,22,29,44,70,36,14,52,41,74,37,48,79,40,69,39,49,80,38,50,55,64,62,44,74,60,62,42,41,57,66,46,57,59,40,43,51,39,54,51,72,53,51,60,57,48,31,53,142,41,56,32,52,42,38,41,99,32,36,54,34,39,38,67,58,73,65,40,61,45,37,54,34,49,26,19,41,35,53,49,53,66,27,61,17,67,51,29,39,29,46,54,53,59,32,49,54,34,70,64,225,56,70,66,45,33,50,79,28,37,47,32,39,84,46,49,38,21,31,36,57,51,80,69,28,35,48,57,56,59,37,106,42,48,37,44,56,35,48,25,50,48,58,63,48,53,46,60,40,45,32,47,117,31,49,43,73,50,37,60,57,45,56,44,48,33,52,74,74,32,62,45,31,40,84,53,41,51,64,62,52,94,39,38,64,31,37,39,21,118,55,44,77,59,31,47,48,35,69,53,31,43,48,63,98,42,35,33,28,39,60,45,32,56,34,118,48,37,65,64,54,44,25,62,49,44,42,119,65,41,41,19,38,27,41,80,38,60,56,179,34,46,49,85,59,27,36,47,74,55,57,71,39,41,23,47,67,52,31,46,107,66,32,36,38,120,36,58,41,31,46,69,39,67,42,35,47,46,46,67,39,68,45,34,18,38,43,47,28,70,50,39,50,57,51,49,36,74,61,35,34,79,88,61,68,96,64,48,52,51,53,54,51,46,53,44,41,40,56,48,50,33,19,94,28,76,26,39,40,48,51,107,68,55,60,39,73,58,44,41,78,73,38,44,44,85,88,81,82,38,49,59,42,36,43,52,66,41,47,26,46,83,41,66,26,38,51,49,47,67,49,118,49,73,57
"ACTB",17,30,17,8,6,8,15,26,17,7,14,4,11,6,9,15,4,26,21,25,14,11,18,8,22,23,9,14,0,14,8,18,20,7,8,14,11,15,13,25,12,4,13,15,17,33,4,2,37,11,21,30,16,75,8,23,42,27,4,15,10,17,16,9,21,17,8,13,17,8,21,17,13,8,6,19,21,3,6,15,22,5,23,18,21,12,12,4,13,14,13,13,8,7,3,16,7,9,14,15,12,31,19,9,11,9,4,16,24,6,25,18,25,20,31,2,31,10,8,7,20,19,18,22,26,6,12,15,10,33,16,6,7,28,15,8,8,55,16,7,34,16,11,21,15,63,10,7,9,20,20,3,22,16,11,25,8,15,12,14,23,14,28,15,6,30,22,11,18,15,21,9,13,16,9,42,13,17,56,14,13,12,28,38,28,13,6,27,18,24,22,7,15,11,10,14,19,224,14,16,11,16,9,23,30,21,5,20,17,10,8,13,11,8,19,4,9,16,9,27,19,9,4,21,4,10,16,6,10,8,20,8,11,12,9,10,21,15,20,11,10,11,17,11,9,12,13,11,11,35,23,9,11,22,32,8,32,11,5,14,25,25,25,26,22,21,11,30,21,26,17,5,27,7,43,22,14,18,29,27,14,12,8,12,27,16,39,17,14,10,11,4,15,10,25,8,13,7,15,9,29,10,7,8,11,7,17,11,5,11,7,1,123,16,11,8,20,23,11,4,20,17,21,17,9,6,14,20,7,5,6,12,15,14,4,26,74,10,8,9,29,14,16,11,4,20,13,51,16,17,8,8,19,25,13,7,25,67,18,13,9,9,28,11,7,8,2,28,12,13,17,16,16,16,12,4,16,10,23,10,12,6,6,11,11,10,27,32,10,9,16,17,24,9,13,23,0,12,3,29,19,28,20,18,13,11,14,16,10,12,4,17,18,15,9,16,54,16,19,1,55,7,46,13,18,13,5,13,50,10,17,26,17,29,7,22,5,17,3,17,5,8,16,20,18,25,7,7,8,12,6,12,12,42,10,18,24,12,15,11,13,6,10,10,3,21,25,15,9,13,23,6
"FTL",12,8,11,9,4,6,9,4,2,1,5,5,6,7,9,10,6,6,9,7,5,4,8,3,7,4,5,8,7,8,6,5,0,3,10,1,5,6,4,4,4,2,15,41,3,6,5,10,5,8,6,13,6,3,4,5,15,9,4,3,1,4,5,5,15,9,2,5,10,9,7,2,2,7,7,11,5,5,3,5,6,6,7,3,4,7,4,1,2,6,7,6,6,10,4,2,9,13,8,9,9,10,4,2,15,5,4,9,7,2,7,5,15,14,13,5,11,6,5,11,9,8,5,5,7,1,9,6,11,5,6,7,8,7,7,5,5,17,7,5,8,12,7,15,15,10,6,6,4,2,4,8,3,5,8,8,7,6,7,5,4,6,6,5,5,9,10,10,3,8,1,5,5,5,5,1,8,6,4,12,12,5,7,5,4,8,1,2,3,10,7,1,14,5,2,9,3,3,7,20,4,7,8,1,5,7,5,5,10,4,9,8,4,2,3,4,8,4,4,3,4,8,0,8,1,13,9,7,13,3,5,10,9,13,6,7,5,3,10,7,3,7,6,9,5,10,3,7,4,4,7,4,12,6,10,5,4,6,4,10,5,7,5,4,7,14,2,6,7,3,8,7,4,5,4,5,10,5,5,3,3,5,4,7,8,7,3,4,10,13,8,6,15,4,7,1,13,11,4,10,6,6,5,4,8,7,5,13,9,4,12,9,11,2,4,12,9,7,5,6,4,3,8,10,10,11,6,6,9,7,10,3,0,5,2,3,13,12,4,4,6,5,7,8,6,5,8,6,4,11,7,3,34,4,5,3,6,7,8,10,1,3,13,8,9,13,8,10,6,7,3,8,6,2,7,7,12,33,7,8,6,7,4,6,4,5,10,9,4,12,8,7,4,6,6,6,5,8,9,3,7,5,0,1,4,8,9,7,5,7,6,3,10,1,4,9,8,8,8,8,5,6,18,14,5,31,8,11,9,10,8,9,5,13,8,7,5,10,2,8,7,5,9,41,12,8,8,4,11,1,5,4,15,7,6,7,3,5,6,8,17,5,4,5,4,7,6,3,8,10,4,8
"CLU",0,0,0,0,0,0,0,0,0,0,0,0,1,0,0,0,0,0,0,0,0,0,0,0,0,0,0,0,0,0,0,0,0,0,0,0,0,0,0,0,0,0,0,0,0,0,0,0,0,0,0,0,0,0,0,0,0,0,0,0,0,0,0,0,0,0,0,0,0,0,0,0,0,0,0,0,0,0,0,0,0,0,0,0,0,0,0,0,0,0,0,0,0,0,0,0,0,0,0,0,0,0,0,0,0,0,0,0,0,0,0,0,0,0,0,0,0,0,0,0,0,0,0,0,0,0,0,0,0,0,0,0,0,0,0,0,0,0,0,0,0,0,0,0,0,0,0,0,0,0,0,0,0,0,0,0,0,0,0,0,0,0,0,0,0,0,0,0,0,0,0,0,0,0,0,0,0,0,0,0,0,0,0,0,0,0,0,0,0,0,0,0,0,0,0,0,0,0,0,0,0,0,0,0,0,0,0,0,0,0,1,0,0,0,0,0,0,0,0,0,0,0,0,0,0,0,0,0,0,0,0,0,0,0,0,0,0,0,0,0,0,0,0,0,0,0,0,0,0,0,0,0,0,0,0,0,0,0,1,0,0,0,0,0,0,0,0,0,0,0,0,0,0,0,0,0,0,0,0,0,0,0,0,0,0,0,0,0,0,0,0,0,0,0,0,0,0,0,0,0,0,0,0,0,0,0,0,0,0,0,0,1,0,0,0,0,0,0,0,0,0,0,0,0,0,0,0,0,0,0,0,0,0,0,0,0,0,0,0,0,0,0,0,0,0,0,0,0,0,0,0,0,0,0,0,0,0,0,0,0,0,0,0,0,0,0,0,0,0,0,0,0,0,0,0,0,0,0,0,0,0,0,0,0,0,0,0,0,0,0,0,0,0,0,0,0,0,0,0,0,0,0,0,0,0,0,0,0,0,0,0,0,0,0,0,0,0,0,0,0,0,0,0,0,0,0,0,0,0,0,0,0,0,0,0,0,0,0,0,0,0,0,0,0,0,0,0,0,0,0,0,0,0,0,0,0,0,0,0,0,1,0,0,0,0,0,0,0,0,0,0,0
"PF4",0,0,0,0,0,0,0,0,0,0,0,0,0,0,0,0,0,0,0,0,0,0,0,0,0,0,0,0,0,0,0,0,0,0,0,0,0,0,0,0,0,0,0,0,0,0,0,0,0,0,0,0,0,0,0,0,0,0,0,0,0,0,0,0,0,0,0,0,0,0,0,0,0,0,0,0,0,0,0,0,0,0,0,0,0,0,0,0,0,0,0,0,0,0,0,0,0,0,0,0,0,0,0,0,0,0,0,0,0,0,0,0,0,0,0,0,0,0,0,0,0,0,0,0,0,0,0,0,0,0,0,0,0,0,0,0,0,0,0,0,0,0,0,0,0,0,0,0,0,0,0,0,0,0,0,0,0,0,0,0,0,0,0,0,0,0,0,0,0,0,0,0,0,0,0,0,0,0,0,0,0,0,0,0,0,0,0,0,0,0,0,0,0,0,0,0,0,0,0,0,0,0,0,0,0,0,0,0,0,0,0,0,0,0,0,0,0,0,0,0,0,0,0,0,0,0,0,0,0,0,0,0,0,0,0,0,0,0,0,0,0,0,0,0,0,0,0,0,0,0,0,0,0,0,0,0,0,0,0,0,0,0,0,0,0,0,0,0,0,0,0,0,0,0,0,0,0,0,0,0,0,0,0,0,0,0,0,0,0,0,0,0,0,0,0,0,0,0,0,0,0,0,0,0,0,0,0,0,0,0,0,0,0,0,0,0,0,0,0,0,0,0,0,0,0,0,0,0,0,0,0,0,0,0,0,0,0,0,0,0,0,0,0,0,0,0,0,0,0,0,0,0,0,0,0,0,0,0,0,0,0,0,0,0,0,0,0,0,0,0,0,0,0,0,0,0,0,0,0,0,0,0,0,0,0,0,0,0,0,0,0,0,0,0,0,0,0,0,0,0,0,0,0,0,0,0,0,0,0,0,0,0,0,0,0,0,0,0,0,0,0,0,0,0,0,0,0,0,0,0,0,0,0,0,0,0,0,0,0,0,0,0,0,0,0,0,0,0,0,0,0,0,0,0,0,0,0,0,0,0,0,0,0,0,0,0,0,0,0,0,0,0
"F13A1",0,0,0,0,0,0,0,0,0,0,0,0,0,0,0,0,0,0,0,0,0,0,0,0,0,0,0,0,0,0,0,0,0,0,0,0,0,0,0,0,0,0,0,0,0,0,0,0,0,0,0,0,0,0,0,0,0,0,0,0,0,0,0,0,0,0,0,0,0,0,0,0,0,0,0,0,0,0,0,0,0,0,0,0,0,0,0,0,0,0,0,0,0,0,0,0,0,0,0,0,0,0,0,0,0,0,0,0,0,0,0,0,0,0,0,0,0,0,0,0,0,0,0,0,0,0,0,0,0,0,0,0,0,0,0,0,0,0,0,0,0,0,0,0,0,0,0,0,0,0,1,0,0,0,0,0,0,0,0,0,0,0,0,0,0,0,0,0,0,0,0,0,0,0,0,0,0,0,0,0,0,0,0,0,0,0,0,0,0,0,0,0,0,0,0,0,0,1,0,0,0,0,0,0,0,0,0,0,0,0,0,0,0,0,0,0,0,0,0,0,0,0,0,0,0,0,0,0,0,0,0,0,0,0,0,0,0,0,0,0,0,0,0,0,0,0,0,0,0,0,0,0,0,0,0,0,0,0,0,0,0,0,0,0,0,0,0,0,0,0,0,0,0,0,0,0,0,0,0,0,0,0,0,0,0,0,0,0,0,0,0,0,0,0,0,0,0,0,0,0,0,0,0,0,0,0,0,0,0,0,0,0,0,0,0,0,0,0,0,0,0,0,0,0,0,0,0,0,0,0,0,0,0,0,0,0,0,0,0,0,0,0,0,0,0,0,0,0,0,0,1,0,0,0,0,0,0,0,0,0,0,0,0,0,0,0,0,0,0,0,0,0,0,0,0,0,0,0,0,0,0,0,0,0,0,0,0,0,0,0,0,0,0,0,0,0,0,0,0,0,0,0,0,0,0,0,0,0,0,0,0,0,0,0,0,0,0,0,0,0,0,0,0,0,0,0,0,0,0,0,0,0,0,0,0,0,0,0,0,0,0,0,0,0,0,0,0,0,0,0,0,0,0,0,0,0,0,0,0,0,0,0,0,0,0,0,0,0,0,0,0,0
"GNAS",0,0,0,2,0,0,2,0,0,0,0,0,2,0,1,0,0,0,0,0,1,0,0,0,0,0,0,0,0,0,1,0,1,0,0,0,0,1,0,0,0,0,1,0,0,0,1,0,1,1,0,0,0,3,0,0,1,0,0,0,0,0,0,0,0,1,1,0,0,1,1,0,0,0,0,0,0,0,0,1,0,1,0,0,0,0,0,0,0,1,1,1,0,0,0,1,0,0,0,0,0,1,0,0,0,0,1,0,0,0,1,1,0,0,1,1,0,1,0,1,0,0,0,0,0,0,1,2,0,0,0,1,0,0,0,0,0,0,0,0,0,0,1,0,1,1,0,0,0,0,0,0,0,1,0,0,0,0,0,1,0,0,1,0,1,0,0,0,1,0,0,0,0,0,0,0,1,0,0,0,1,0,0,1,0,0,0,0,0,0,0,0,0,1,0,0,0,1,0,1,0,0,0,1,1,0,2,0,0,0,0,0,1,0,1,1,0,0,0,0,0,0,1,0,1,2,0,0,3,1,1,1,0,0,1,0,0,0,0,0,0,0,1,0,0,0,0,1,0,0,1,0,0,0,1,0,0,1,0,0,2,0,0,0,1,2,1,0,0,0,0,0,0,0,1,0,0,1,1,1,0,0,0,0,0,1,1,0,0,0,1,0,0,1,0,0,0,1,0,0,0,1,0,0,1,0,0,0,1,0,2,0,2,0,0,0,1,1,0,0,1,0,1,0,0,0,1,1,0,0,0,0,0,2,0,0,4,1,0,0,0,0,0,1,0,0,1,0,0,1,0,0,0,1,0,0,0,2,1,0,0,0,0,1,1,0,0,2,0,0,2,0,1,0,1,0,0,2,1,0,1,0,0,0,0,0,0,0,0,0,0,1,1,0,1,0,0,0,0,0,0,1,0,0,1,0,0,0,1,0,0,1,1,0,0,1,0,1,0,0,0,0,0,0,0,0,0,0,0,0,1,1,1,2,0,0,1,0,2,0,0,0,0,2,1,0,1,0,0,1,0,0,0,1,0,0,0,1,0,0,1,0,0,1,0,0,0,0,0,1,0,0
"SPARC",0,0,0,0,0,0,0,0,0,0,0,0,0,0,0,0,0,0,0,0,0,0,0,0,0,0,0,0,0,0,0,0,0,0,0,0,0,0,0,0,0,0,0,0,0,0,0,0,0,0,0,0,0,0,0,0,0,0,0,0,0,0,0,0,0,0,0,0,0,0,0,0,0,0,0,0,0,0,0,0,0,0,0,0,0,0,0,0,0,0,0,0,0,0,0,0,0,0,0,0,0,0,0,0,0,0,0,0,0,0,0,0,0,0,0,0,0,0,0,0,0,0,0,0,0,0,0,0,0,0,0,0,0,0,0,0,0,0,0,0,0,0,0,0,0,0,0,0,0,0,0,0,0,0,0,0,0,0,0,0,0,0,0,0,0,0,0,0,0,0,0,0,0,0,0,0,0,0,0,0,0,0,0,0,0,0,0,0,0,0,0,0,0,0,0,0,0,0,0,0,0,0,0,0,0,0,0,0,0,0,0,0,0,0,0,0,0,0,0,0,0,0,0,0,0,0,0,0,0,0,0,0,0,0,0,0,0,0,0,0,0,0,0,0,0,0,0,0,0,0,0,0,0,0,0,0,0,0,0,0,1,0,0,0,0,0,0,0,0,0,0,0,0,0,0,0,0,0,0,0,0,0,1,0,0,0,0,0,0,0,0,0,0,0,0,0,0,0,0,0,0,0,0,0,0,0,0,0,0,0,0,0,0,0,0,0,0,0,0,0,0,0,0,0,0,0,0,0,0,0,0,0,0,0,0,0,0,0,0,0,0,0,0,0,0,0,0,0,0,0,0,0,0,0,0,0,0,0,0,0,0,0,0,0,0,0,0,0,0,0,0,0,0,0,0,0,0,0,0,0,0,0,0,0,0,0,0,0,0,0,0,0,0,0,0,0,0,0,0,0,0,0,0,0,0,0,0,0,0,0,0,0,0,0,0,0,0,0,0,0,0,0,0,0,0,0,0,0,0,0,0,0,0,0,0,1,0,0,0,0,0,0,0,0,0,0,0,0,0,0,0,0,0,0,0,0,0,0,0,0,0,0,0,0,0,0,0,0,0,0,0,0
"PTMA",11,14,7,11,10,12,10,12,9,10,5,4,13,3,11,12,5,5,8,10,9,48,8,12,3,11,19,5,3,3,7,6,57,7,14,3,12,7,15,8,5,4,10,7,4,7,8,12,10,2,13,11,10,18,5,9,9,5,8,14,3,14,9,9,7,27,12,6,12,7,5,8,3,11,14,16,7,9,4,5,13,7,6,5,9,13,6,19,23,14,7,20,12,17,8,5,4,12,14,9,15,11,6,5,19,2,12,7,5,8,5,10,8,7,16,4,7,10,8,11,9,20,8,2,5,4,9,14,9,11,4,5,9,12,2,7,5,22,5,4,8,7,14,5,12,10,1,8,6,5,6,9,10,11,9,13,12,6,7,4,9,11,14,13,7,10,8,12,10,3,3,3,5,10,9,9,8,8,7,3,6,1,10,12,7,12,4,7,11,12,11,10,12,4,4,7,9,32,25,10,15,3,6,4,13,8,10,17,8,6,8,14,4,14,17,5,8,13,5,15,27,11,7,9,4,11,10,9,10,6,4,7,11,27,8,4,7,9,11,13,12,13,11,9,19,18,8,5,14,10,12,9,6,7,12,6,8,8,13,8,12,8,4,11,11,13,7,11,18,11,18,12,7,6,3,8,10,7,10,2,5,6,10,3,11,6,6,9,5,18,11,4,6,5,6,13,14,10,11,11,11,10,7,9,12,6,6,19,12,7,11,5,54,6,12,14,12,10,4,5,7,16,4,3,16,8,9,14,5,6,10,30,8,5,15,8,17,4,15,6,11,11,8,16,8,10,13,9,14,9,3,9,9,12,7,4,7,15,3,9,14,2,22,10,15,8,16,16,13,9,8,6,6,7,5,9,15,6,18,7,7,3,5,11,5,12,17,12,7,7,5,8,25,13,6,16,4,4,4,15,13,14,3,7,4,7,5,10,9,14,6,10,14,7,16,12,15,6,6,4,10,12,21,10,5,9,3,5,10,12,20,6,12,7,4,6,12,15,5,10,16,0,16,15,13,9,8,4,10,12,12,14,9,10,17,17,8,8,6,9,36,7,12,9,6,12,7,12,7,6,9,10
"TAGLN2",1,2,1,0,1,1,1,0,2,4,1,1,1,2,0,1,2,0,0,1,5,0,1,0,0,0,0,0,1,1,1,2,0,0,2,0,0,1,4,0,2,2,0,1,0,2,3,1,0,2,1,4,2,3,1,1,4,0,0,0,1,0,0,2,0,2,1,1,1,4,1,0,1,0,0,6,0,0,1,0,0,0,2,3,2,3,1,0,1,1,0,1,3,1,0,0,0,2,0,0,1,0,0,0,3,0,4,1,0,1,2,0,1,0,1,1,0,3,1,1,1,1,3,0,2,0,3,5,1,0,3,1,0,1,1,0,2,1,1,0,1,3,0,1,2,3,0,0,1,1,0,1,0,0,3,3,2,2,2,1,0,1,1,0,0,2,1,0,2,1,0,1,1,0,1,1,1,0,2,0,0,0,0,1,0,0,0,2,0,1,0,1,0,2,0,3,0,3,0,4,1,0,1,0,2,0,1,0,1,0,1,1,0,0,0,3,0,1,1,0,1,2,0,1,0,0,1,0,1,4,0,1,1,1,0,0,0,1,2,0,0,2,2,1,1,0,1,0,2,1,1,0,0,3,1,0,0,2,0,1,0,0,0,1,1,0,0,0,0,0,1,1,2,1,1,0,2,0,3,1,1,1,0,0,1,0,0,2,2,3,0,0,1,3,0,3,0,0,3,0,1,3,1,0,2,0,0,1,1,1,0,1,2,1,1,4,0,2,0,0,1,0,0,1,1,2,1,2,1,0,0,1,2,0,7,2,0,0,0,1,0,0,0,1,1,0,3,0,0,3,0,3,1,1,2,0,2,1,3,0,1,0,18,3,1,3,2,0,0,1,1,0,1,0,0,0,1,2,2,1,0,0,0,0,0,0,1,1,0,0,2,1,1,0,0,0,0,3,0,1,0,0,0,0,3,0,1,3,1,0,1,2,1,1,0,1,0,0,0,3,1,0,1,3,0,0,1,2,0,4,1,1,4,4,0,1,1,2,3,0,1,1,0,0,1,1,0,0,0,0,3,3,3,2,1,4,0,2,1,0,2,0,2,0,0,0,0,2,0,2,1,2
"OAZ1",5,4,2,1,6,2,7,1,4,3,0,5,4,4,3,3,4,27,3,4,8,4,2,3,3,3,1,3,1,0,2,2,5,3,3,3,3,0,0,3,3,1,2,2,1,1,0,2,0,6,11,7,2,4,2,4,1,3,3,3,3,1,2,1,2,9,3,0,3,1,13,4,1,2,2,3,3,6,2,2,2,1,1,2,4,1,0,1,6,1,0,2,4,4,2,1,6,2,2,3,2,6,4,0,4,0,3,19,4,3,7,4,7,1,7,2,1,2,4,3,3,5,3,1,7,2,3,2,4,3,1,1,1,3,2,2,1,6,2,6,3,5,3,4,6,4,3,3,0,1,2,5,3,1,3,2,2,2,2,0,3,4,6,6,0,2,3,1,5,3,2,2,1,2,2,2,0,2,5,5,2,5,2,4,3,2,3,5,0,4,4,0,2,2,1,5,2,7,2,10,2,2,3,6,2,1,5,0,3,4,1,2,4,4,21,1,2,5,0,2,2,0,2,2,1,2,4,1,3,2,3,1,3,1,1,2,2,2,1,1,5,2,2,2,6,2,1,1,5,0,3,2,3,2,3,2,2,4,4,4,2,0,1,3,5,9,3,1,1,3,2,3,4,2,5,3,5,2,2,1,3,0,4,2,4,2,3,3,4,2,4,1,1,1,3,4,4,0,2,3,3,1,3,1,1,2,3,6,3,2,3,1,7,4,1,3,4,3,3,5,2,2,1,2,4,2,2,1,4,6,2,3,4,2,3,2,10,2,4,2,1,4,1,2,1,1,5,1,5,5,1,1,3,3,3,3,8,7,3,2,3,4,5,1,4,7,3,4,1,2,2,3,4,0,3,2,3,2,20,5,4,2,4,4,3,1,9,2,3,4,2,2,0,4,4,3,1,2,3,2,2,3,2,1,1,5,4,3,1,3,2,1,4,1,2,4,3,2,3,4,6,1,8,2,3,1,1,3,5,1,2,4,0,3,1,0,4,1,1,1,4,2,4,2,2,4,4,1,1,3,2,3,5,0,6,5,4,4,2,1,7,4,1,2,2,2,2,2,1,5,1,1
"OST4",0,2,0,0,3,0,1,0,1,2,3,1,1,0,0,1,0,0,1,2,1,1,1,0,1,0,0,2,0,0,3,2,0,1,1,1,2,3,1,0,1,0,0,1,0,2,2,0,2,2,0,2,1,0,0,1,2,1,2,1,0,1,0,1,2,2,1,0,0,2,3,1,1,1,0,3,2,1,0,1,0,0,3,2,1,2,0,0,4,1,0,0,2,1,0,1,2,2,0,1,1,1,1,2,1,3,1,1,0,1,1,1,1,4,2,0,0,1,0,0,4,2,4,0,0,2,1,2,0,2,0,1,1,0,2,0,1,1,2,1,2,0,0,0,2,0,1,1,0,0,2,2,1,0,0,1,0,1,1,2,2,0,1,3,2,4,1,2,4,0,1,0,0,3,3,0,2,1,0,3,0,0,1,3,1,0,3,2,0,0,2,1,0,3,0,1,2,3,1,1,3,1,1,2,0,1,0,0,1,0,1,3,0,3,0,1,1,0,1,0,1,1,0,0,1,1,0,1,0,1,1,0,0,1,1,1,0,0,2,0,1,5,1,0,1,0,1,2,1,3,1,1,0,0,1,0,0,2,1,3,2,1,1,0,1,2,1,0,0,1,1,0,1,0,0,1,1,0,0,1,0,2,2,3,0,1,4,3,2,1,1,1,0,0,1,2,1,0,2,3,1,1,2,0,0,0,0,0,0,0,2,1,1,1,1,0,3,1,0,4,0,1,2,1,1,3,0,1,0,0,1,2,2,1,0,1,2,0,2,0,2,1,1,2,5,2,2,1,0,1,2,1,3,1,0,3,1,2,1,1,0,1,1,1,1,0,4,0,1,0,1,1,0,2,0,3,2,1,5,2,2,2,0,0,1,1,1,1,2,0,2,2,0,1,0,1,0,3,1,2,2,1,0,1,2,1,0,1,1,1,1,1,0,0,1,0,0,1,1,2,0,0,2,3,2,2,0,2,1,0,1,3,1,1,2,3,0,1,1,0,1,2,2,1,1,4,1,0,1,0,4,2,1,6,0,3,1,0,4,0,4,0,2,2,1,1,4,3,0,0,5,1
