"","AAACGCTGTAGCCA-1","AAACTTGATCCAGA-1","AAAGAGACGAGATA-1","AAAGAGACGGACTT-1","AAAGAGACGGCATT-1","AAAGTTTGTAGAGA-1","AAATCAACACCAGT-1","AAATCAACCAGGAG-1","AAATCAACGGAAGC-1","AAATCCCTCCACAA-1","AAATTCGAAGGTTC-1","AAATTCGAGGAGTG-1","AACAAACTCATTTC-1","AACAAACTTTCGTT-1","AACAATACGACGAG-1","AACACGTGGAAAGT-1","AACACGTGGCTACA-1","AACCCAGATCGCTC-1","AACCGATGCTCCCA-1","AACCTACTGTGTTG-1","AACCTTACGAGACG-1","AACCTTTGGACGGA-1","AACGCATGACCCAA-1","AACGCATGCCTTCG-1","AACGCATGTACTTC-1","AACGTGTGAAAGCA-1","AACGTGTGTCCAAG-1","AACTACCTTAGAGA-1","AACTTGCTGGGACA-1","AAGAACGAGTGTTG-1","AAGACAGAGGATCT-1","AAGATTACAACCTG-1","AAGCACTGCATACG-1","AAGCCAACGTGTTG-1","AAGCCATGCGTGAT-1","AAGCCATGTCTCGC-1","AAGCGACTGTGTCA-1","AAGCGTACGTCTTT-1","AAGGTCTGCAGATC-1","AAGTATACCGAACT-1","AAGTCCGACTTGTT-1","AAGTCCGATAGAAG-1","AAGTCTCTAGTCGT-1","AATAAGCTCGTTGA-1","AATCCTACCGGTAT-1","AATCGGTGTGCTTT-1","AATCTAGAATCGGT-1","AATCTCACTCTAGG-1","AATCTCTGAACAGA-1","AATGGCTGTGAAGA-1","AATGTAACGGTGGA-1","AATTACGACTTCTA-1","ACAAAGGAGGGTGA-1","ACAAGAGACTTATC-1","ACAGGTACCCCACT-1","ACAGTCGACCCAAA-1","ACAGTGTGGTCACA-1","ACATGGTGAAGCCT-1","ACATGGTGCGAGTT-1","ACATTCTGGCATAC-1","ACCAACGACATGCA-1","ACCACAGAAAGTAG-1","ACCACAGAGTTGGT-1","ACCACCTGTGTGCA-1","ACCACGCTACAGCT-1","ACCACGCTGCGAGA-1","ACCACGCTGCTGTA-1","ACCAGTGAGGGATG-1","ACCATTACCTTCTA-1","ACCATTTGTCATTC-1","ACCCACTGGACAGG-1","ACCCAGCTTGCTTT-1","ACCCGTTGCTGCAA-1","ACCTCCGATATGCG-1","ACCTCCGATGCTGA-1","ACGAAGCTCTCCAC-1","ACGACCCTGATGAA-1","ACGACCCTTGACCA-1","ACGAGGGACGAACT-1","ACGATTCTACGGGA-1","ACGCCGGAAAGCCT-1","ACGCTCACAGTACC-1","ACGCTCACCCTTGC-1","ACGGCTCTTGCACA-1","ACGGTAACGGTGGA-1","ACGGTCCTCGGGAA-1","ACGTCAGAGGGATG-1","ACGTGATGGGTCTA-1","ACGTTACTTTCCAT-1","ACGTTGGAAAAGCA-1","ACGTTTACATCAGC-1","ACTAAAACCCACAA-1","ACTACGGACCTATT-1","ACTACGGATCGCTC-1","ACTACTACTAAGGA-1","ACTATCACTGCCAA-1","ACTCAGGACTGAAC-1","ACTCTCCTGACACT-1","ACTCTCCTGCATAC-1","ACTCTCCTGTTTGG-1","ACTGTTACTGCAGT-1","ACTTAAGAACCACA-1","ACTTCCCTTTCCGC-1","ACTTGTACCTGTCC-1","ACTTTGTGGAAAGT-1","AGAAAGTGCGCAAT-1","AGAACGCTTTGCTT-1","AGAATTTGTAACCG-1","AGAATTTGTAGAGA-1","AGACACACTGTAGC-1","AGACTGACCCTTTA-1","AGAGATGACTGAAC-1","AGAGATGATTGTGG-1","AGAGTGCTCAGCTA-1","AGAGTGCTCGAATC-1","AGATTCCTATCGTG-1","AGCAAAGATATGCG-1","AGCACAACAGTCTG-1","AGCACTGATTGCGA-1","AGCCAATGTATCTC-1","AGCCGGTGTGTTTC-1","AGCCGTCTCAATCG-1","AGCCTCACGTTCGA-1","AGCGAACTGGATCT-1","AGCGATACGGAGCA-1","AGCGCCGAATCTCT-1","AGCGCTCTACCTTT-1","AGCGGCACCGGGAA-1","AGCGGCTGATGTGC-1","AGCGGGCTTGCCAA-1","AGCTCGCTACTGGT-1","AGCTCGCTCTGCTC-1","AGCTGAACCTCTCG-1","AGCTGTGATCCAAG-1","AGCTTTACAAGTAG-1","AGGAGTCTGGTTTG-1","AGGAGTCTTGTCAG-1","AGGCAACTGAAGGC-1","AGGCCTCTAGTCGT-1","AGGCCTCTCGTAAC-1","AGGGACGACGTTGA-1","AGGGACGAGTTGTG-1","AGGGAGTGAGCCTA-1","AGGGCCACCATACG-1","AGGTGGGAAGTTCG-1","AGGTTCGAGGGTGA-1","AGTACGTGAGGGTG-1","AGTACGTGCTGCAA-1","AGTATCCTAGAACA-1","AGTCAGACGCTTAG-1","AGTCCAGATATCTC-1","AGTCGAACCAACCA-1","AGTCTTACACCACA-1","AGTGTTCTATAAGG-1","AGTTGTCTACTACG-1","AGTTTAGATGGTCA-1","AGTTTGCTACAGTC-1","AGTTTGCTCCAAGT-1","ATAAACACCACCAA-1","ATAACAACGTCTAG-1","ATAACAACTTTGTC-1","ATAACCCTGTTGGT-1","ATAATCGATGGTTG-1","ATACAATGTTAGGC-1","ATACCGGATCTCGC-1","ATACCTTGGGGCAA-1","ATAGATACGACGAG-1","ATAGCCGAACGGAG-1","ATAGCTCTCTGATG-1","ATAGCTCTGAGGTG-1","ATAGGCTGTCAGAC-1","ATAGTCCTTGTCGA-1","ATAGTTGACAACTG-1","ATAGTTGAGACGTT-1","ATAGTTGATAAGCC-1","ATATACGAAGCCAT-1","ATATGCCTTGGTAC-1","ATCAACCTGAGGAC-1","ATCGACGAATGACC-1","ATCGCCTGGGTCAT-1","ATCGGAACCAGTCA-1","ATCGGTGAGTCAAC-1","ATCGGTGATTGCAG-1","ATCTCAACCTCGAA-1","ATCTGTTGACCTCC-1","ATCTTTCTGCATCA-1","ATGAAACTGAGGCA-1","ATGAGAGAACGCAT-1","ATGAGCACACAGCT-1","ATGAGCACATCTTC-1","ATGATATGACTGGT-1","ATGATATGAGCACT-1","ATGATATGGTCATG-1","ATGCACGACTGTAG-1","ATGCACGAGTTCGA-1","ATGCCAGAACGACT-1","ATGCGATGCTGAGT-1","ATGCGCCTTCATTC-1","ATGTAAACACCTCC-1","ATGTACCTCAGTCA-1","ATGTCACTCTGCTC-1","ATTAGATGTTTCAC-1","ATTCAAGAACGGGA-1","ATTGAATGGACGGA-1","ATTGATGAAGGTTC-1","ATTGATGACTGAGT-1","ATTGATGATCTATC-1","ATTGCACTGACGGA-1","ATTGTAGATTGCAG-1","ATTTCTCTTCCCAC-1","CAAAGCACAGCTCA-1","CAAAGCTGAAAGTG-1","CAAATATGTGACAC-1","CAAATTGAGGGCAA-1","CAACCAGAAAAGTG-1","CAACCGCTGTTCAG-1","CAAGAAGATTCTAC-1","CAAGGACTGTTCAG-1","CAATATGACGTTAG-1","CAATATGAGGAGCA-1","CAATCGGAGAAACA-1","CAATTCACGATAGA-1","CAATTCACTTGTGG-1","CACAACGATACGAC-1","CACACCTGCTTGAG-1","CACACCTGTATGGC-1","CACAGCCTTGTAGC-1","CACATGGAACACGT-1","CACATGGAAGTCGT-1","CACCACTGCCAACA-1","CACCCATGTTCTGT-1","CACCGGGACGTGTA-1","CACCGTACTAGCGT-1","CACCTGACTCGTAG-1","CACGCTACAGAAGT-1","CACGGGACAGAGTA-1","CACGGGACATAAGG-1","CACGGGTGTGTTTC-1","CACTAACTGAAAGT-1","CACTTTGAGCTGTA-1","CAGAAGCTCTCAAG-1","CAGACATGAACGGG-1","CAGACCCTAATGCC-1","CAGACTGAGTATGC-1","CAGCAATGCCTTCG-1","CAGCAATGGTGCTA-1","CAGCACCTAAGCCT-1","CAGCACCTAGGCGA-1","CAGCGGACACCCTC-1","CAGGCCGAACACCA-1","CAGGCCGAACGACT-1","CAGGGCACCCAACA-1","CAGGTATGAGTCGT-1","CAGTGTGATGTCAG-1","CAGTTGGACATACG-1","CAGTTTACCCCAAA-1","CATAAATGAACTGC-1","CATACTACCTCGAA-1","CATACTACCTGAAC-1","CATAGTCTAATCGC-1","CATAGTCTCACTTT-1","CATCAACTCCCTCA-1","CATCATACTCAAGC-1","CATGAGACTCGCCT-1","CATGCCACGGGTGA-1","CATGGCCTGTGCAT-1","CATTACACGGAGTG-1","CATTACACTACTCT-1","CATTGGGACTCGAA-1","CATTGTACAGCGTT-1","CATTGTACTTATCC-1","CATTGTTGCTAGTG-1","CATTTGTGCATTGG-1","CATTTGTGCGGAGA-1","CCAAGAACGTAGCT-1","CCAAGAACGTGTCA-1","CCAAGATGTCATTC-1","CCAAGTGAGGAACG-1","CCACCATGAACGTC-1","CCACCATGATCGGT-1","CCACCATGGGGAGT-1","CCACTGTGTGTAGC-1","CCAGAAACGGTCTA-1","CCAGACCTTGTGGT-1","CCAGCTACACAGTC-1","CCAGTCACGTTGTG-1","CCATCCGAAAGCAA-1","CCATCCGAACGACT-1","CCCAACACGCATCA-1","CCCTCAGACGAGAG-1","CCCTCAGAGGTCAT-1","CCCTGATGCAACCA-1","CCCTTACTGCAGTT-1","CCGACTACCGTGTA-1","CCGATAGACCTAAG-1","CCGGTACTGTCCTC-1","CCGTACACAAGCAA-1","CCTAAACTTTCGTT-1","CCTAAGGACCCAAA-1","CCTAAGGAGGGCAA-1","CCTAAGGATGATGC-1","CCTAAGGATGTCAG-1","CCTACCGACTCTTA-1","CCTATAACCAAAGA-1","CCTATAACTCAGAC-1","CCTCGAACGTATCG-1","CCTCTACTGGCATT-1","CCTGACTGGGGAGT-1","CCTTCACTACGACT-1","CGAATCGAGGAGGT-1","CGACAAACCCATAG-1","CGACCGGAAGGTCT-1","CGACGTCTGAGGCA-1","CGACTCACGTCGTA-1","CGACTCACGTTGCA-1","CGAGAACTACGTTG-1","CGAGATTGGCCATA-1","CGAGGAGATGTCGA-1","CGAGGGCTCGAATC-1","CGATAGACTGTTCT-1","CGATCAGAGAGGGT-1","CGCAAATGCTCGAA-1","CGCAACCTCCTTGC-1","CGCAACCTGGACGA-1","CGCACGGATCTTTG-1","CGCACTACAGAATG-1","CGCAGGACCTACTT-1","CGCCATTGAGAGGC-1","CGCTAAGACAACTG-1","CGCTAAGACCCTTG-1","CGCTACTGAGAACA-1","CGCTACTGTGAGCT-1","CGGACCGATGGGAG-1","CGGAGGCTATTCCT-1","CGGAGGCTTGGATC-1","CGGCACGAAGGGTG-1","CGGCCAGAAAGGTA-1","CGGGACTGCGTGTA-1","CGGGCATGACCCAA-1","CGGGCATGTTGTGG-1","CGTACCACACGTTG-1","CGTACCACCTCATT-1","CGTACCACGGAGCA-1","CGTCAAGAACGTGT-1","CGTCCATGCTCTTA-1","CGTGATGACGCTAA-1","CTAACGGATTTCTG-1","CTAACTACGGCAAG-1","CTAAGGACACCATG-1","CTAAGGTGTTTCTG-1","CTAATAGAGCTATG-1","CTAGTTACCAGAGG-1","CTATACTGCCAGTA-1","CTATACTGTTCGTT-1","CTATAGCTGTCACA-1","CTATCAACGAACTC-1","CTATCAACTTTGGG-1","CTATGTACGCTTAG-1","CTATGTTGTCCTCG-1","CTATTGTGGCAAGG-1","CTCAGAGATAGAAG-1","CTCAGCACTTGCAG-1","CTCAGCTGCAGTTG-1","CTCAGGCTGCTAAC-1","CTCCATCTCTTAGG-1","CTCCATCTGACGAG-1","CTCGAAGATGTGGT-1","CTCGACTGCTCTAT-1","CTCGACTGGGTGAG-1","CTCGCATGCTTAGG-1","CTCTAAACCTCGAA-1","CTCTAAACGGCGAA-1","CTGAAGTGGCTATG-1","CTGAAGTGTCCAGA-1","CTGACCACAGCAAA-1","CTGATACTAGTAGA-1","CTGCAGCTAACCGT-1","CTGCAGCTGACACT-1","CTGCCAACCAGCTA-1","CTGCCAACTTGCAG-1","CTGCGACTCCACCT-1","CTGGAAACATCGAC-1","CTGTAACTAGCGTT-1","CTGTATACGTAAAG-1","CTGTATACGTTGGT-1","CTTAAAGAACCTGA-1","CTTAACACCTGTAG-1","CTTAAGCTACCTAG-1","CTTAAGCTAGTACC-1","CTTAAGCTCATCAG-1","CTTACAACTAACGC-1","CTTACTGACGTACA-1","CTTAGGGAGAATCC-1","CTTCATGAAGTACC-1","CTTCATGACCGAAT-1","CTTGAACTACGCAT-1","CTTTACGAGCGAAG-1","CTTTAGACCGTGAT-1","CTTTAGACGAGACG-1","CTTTAGACGATACC-1","CTTTAGTGGGTGGA-1","CTTTCAGAGAAACA-1","CTTTGATGAGCACT-1","CTTTGATGTGTGGT-1","GAAACAGAACTACG-1","GAAACAGAATCACG-1","GAAACAGACATTCT-1","GAAACCTGATCGTG-1","GAAAGATGTAAGGA-1","GAACACACTGCCTC-1","GAACCAACCACAAC-1","GAACGGGATACTTC-1","GAAGAATGCAATCG-1","GAAGGTCTGTTGCA-1","GAAGTCTGTTCTGT-1","GAATGCTGCGGTAT-1","GAATTAACGATAAG-1","GAATTAACGGTCAT-1","GACAACACAGGCGA-1","GACAACACATCGTG-1","GACAACACTCGCCT-1","GACCTAGACCTCAC-1","GACCTCACAAGGTA-1","GACCTCTGCATCAG-1","GACGAACTCCCACT-1","GACGTAACCTATGG-1","GACGTATGTTGACG-1","GACGTATGTTTGCT-1","GACTCCTGCTCGCT-1","GACTCCTGGGTTAC-1","GACTGATGTGATGC-1","GACTTTACATGCCA-1","GAGGACGACTCAGA-1","GAGGGATGGGAAAT-1","GAGGGTGAAGAGTA-1","GAGGTACTACGGTT-1","GAGGTACTGGGAGT-1","GAGGTGGAGTACGT-1","GAGTCAACCATTCT-1","GAGTCAACGGGAGT-1","GAGTGACTGTCTAG-1","GAGTGGGATGCCCT-1","GAGTGTTGTGGTCA-1","GATACTCTATCGGT-1","GATACTCTTACTTC-1","GATAGAGACTGTGA-1","GATAGCACCCATAG-1","GATAGCACTTGTCT-1","GATATAACACGCAT-1","GATATATGCTGGAT-1","GATATCCTAGAAGT-1","GATATTGAGCCAAT-1","GATCGTGACACTAG-1","GATGCAACTCCAGA-1","GATGCCCTCTCATT-1","GATGCCCTTTTGCT-1","GATTACCTTGTTCT-1","GATTCGGAACGACT-1","GATTCTTGCCGATA-1","GATTTGCTAACGAA-1","GCAACTGATTGCGA-1","GCAAGACTCCCTTG-1","GCACAAACAATGCC-1","GCACCTTGGCTGTA-1","GCACTAGATGCAAC-1","GCAGATACGACGGA-1","GCAGATACGCAGAG-1","GCAGCCGACAGTCA-1","GCAGCGTGCACTCC-1","GCAGCTCTCAATCG-1","GCAGGGCTAAGAAC-1","GCAGGGCTAAGGGC-1","GCAGTCCTCTCTTA-1","GCATGTGACAAGCT-1","GCCAACCTACGGTT-1","GCCAACCTCGCCTT-1","GCCACGGATACTGG-1","GCCCAACTACCGAT-1","GCCGTACTACCTGA-1","GCCTACACCTTGAG-1","GCCTAGCTCTATTC-1","GCCTAGCTTCTCAT-1","GCCTCAACCATGGT-1","GCGAAGGAACTCTT-1","GCGAAGGATGCCAA-1","GCGAGAGAGGGACA-1","GCGAGCACTTGACG-1","GCGATATGGTACGT-1","GCGATATGGTGTTG-1","GCGCACGAAGTCGT-1","GCGCATCTAGGTCT-1","GCGCATCTTCGATG-1","GCGCATCTTTCTAC-1","GCGCGATGAACGGG-1","GCGGAGCTCCTGAA-1","GCGGCAACCCGATA-1","GCGTATGAACACCA-1","GCTACAGAAAGGTA-1","GCTACGCTAGAATG-1","GCTAGAACTCCCGT-1","GCTATACTAAGGCG-1","GCTATACTCTCTTA-1","GCTCAGCTGTCTAG-1","GCTCCATGCCGAAT-1","GCTTAACTGCTGAT-1","GCTTAACTTCAGTG-1","GGAATCTGGGAGGT-1","GGAATGCTTTCTAC-1","GGACGCTGCTAGCA-1","GGAGGATGCCACCT-1","GGAGGCCTTTCTTG-1","GGATGTACGCGAAG-1","GGCAAGGAGGACTT-1","GGCCACGACAGAGG-1","GGCCGAACAACGAA-1","GGCCGAACGCAGAG-1","GGCCGAACGTAGGG-1","GGCGCATGTGGAAA-1","GGCGGACTCTGACA-1","GGCGGACTTACTGG-1","GGCTAAACTCTTAC-1","GGCTAATGGTCTAG-1","GGGACCACAGAACA-1","GGGACCACGTCATG-1","GGGACCACTCAAGC-1","GGGACCACTCGTGA-1","GGGACCACTGCATG-1","GGGACCTGCTTGCC-1","GGGATTACGTCTAG-1","GGGCAGCTTTTCTG-1","GGGTAACTCTGGAT-1","GGTACATGCGGTAT-1","GGTAGTACCCTGTC-1","GGTCAAACCAAAGA-1","GGTGATACTGTTTC-1","GTAAGCACAACGGG-1","GTAATAACGTTGTG-1","GTACCCTGGAGCTT-1","GTACCCTGTGAACC-1","GTAGACTGTATTCC-1","GTAGCCCTGACGTT-1","GTAGCTGAATTCGG-1","GTAGTGACCTCATT-1","GTAGTGTGTGGTTG-1","GTATTAGAGGTCTA-1","GTATTCACACAGCT-1","GTCAATCTTGTGGT-1","GTCACCTGCCTCCA-1","GTCCAAGAAAAACG-1","GTCCACTGACCTCC-1","GTCCAGCTACGGGA-1","GTCGACCTGTTCAG-1","GTGAACACACTCTT-1","GTGAACACTCAGGT-1","GTGATTCTGTCGAT-1","GTGCCACTCAGGAG-1","GTGGATTGTAACGC-1","GTGTACGATCAGTG-1","GTTAAATGCTCGAA-1","GTTAGGTGCACTCC-1","GTTATAGAGGACAG-1","GTTATGCTTTCATC-1","GTTCAACTTATGCG-1","GTTGATCTGGGACA-1","GTTGTACTTTTGGG-1","TAAATCGATGAGGG-1","TAACCGGACTTACT-1","TAACGTCTCATTGG-1","TAACTAGATCTGGA-1","TAAGCGTGGGAAAT-1","TAAGGCTGCTGCTC-1","TAAGGGCTTTACTC-1","TAATGATGAGCGGA-1","TAATGTGAAGATGA-1","TACACACTCACACA-1","TACATCACACGGGA-1","TACCATTGAGGTTC-1","TACCGGCTGTTGGT-1","TACGAGTGATCTCT-1","TACGATCTAGTGTC-1","TACTAAGAATCACG-1","TACTACTGATTCTC-1","TACTACTGTATGGC-1","TACTCCCTCAGTTG-1","TACTGGGATCGATG-1","TACTGTTGAAAGCA-1","TAGAAACTAATCGC-1","TAGAATTGCGACAT-1","TAGAATTGTATCGG-1","TAGACGTGCTTGAG-1","TAGACGTGTCGCTC-1","TAGATTGAGGCATT-1","TAGCATCTCCCTCA-1","TAGCATCTGGGACA-1","TAGCATCTTGTCGA-1","TAGCCCACCCACAA-1","TAGGAGCTGAGGGT-1","TAGGTCGACACTGA-1","TAGTAAACCTCGCT-1","TAGTAATGAGATCC-1","TAGTCTTGGCTGTA-1","TAGTCTTGGGACTT-1","TAGTTAGATGAACC-1","TATAAGACAACAGA-1","TATACAGAAGAACA-1","TATACAGATCCAGA-1","TATCTCGAGAGATA-1","TATCTTCTAAACAG-1","TATGGTCTCTACCC-1","TATGTGCTGGATTC-1","TATTGCTGTCTGGA-1","TATTGCTGTGCACA-1","TATTTCCTGGTGTT-1","TCAAGGACAGCGTT-1","TCACAACTATGTGC-1","TCACATACAGGGTG-1","TCAGAGACTCCAGA-1","TCAGCAGACTCCAC-1","TCAGGATGAAGTAG-1","TCAGTTACTAGAAG-1","TCATCAACCCGATA-1","TCCATAACAAAGTG-1","TCCATAACTACGCA-1","TCCGAAGACGTTAG-1","TCCTAAACATCGAC-1","TCGAGCCTTGTGAC-1","TCGATTTGCACTCC-1","TCGCCATGAGACTC-1","TCGGACCTAACAGA-1","TCGGTAGAGTAGGG-1","TCTAAGCTAATGCC-1","TCTATGTGAGTCTG-1","TCTGATACACGTGT-1","TCTGATACTCGCCT-1","TGAACCGAAAACGA-1","TGAAGCTGAACGAA-1","TGAAGCTGCGTAAC-1","TGAATAACCACTTT-1","TGACCAGACAACCA-1","TGACCAGAGGATTC-1","TGACCGCTCTGCAA-1","TGACTGGACCGTAA-1","TGACTGGACGCAAT-1","TGACTTTGCGCATA-1","TGAGTGACTGAGCT-1","TGATAAACTTTCAC-1","TGATACCTGTTGGT-1","TGATACCTTATGCG-1","TGATACCTTGAAGA-1","TGATATGAACCTTT-1","TGATCACTCTCGCT-1","TGATTAGATGCTAG-1","TGATTCACTATGCG-1","TGCCACTGAACGTC-1","TGCCAGCTTGGCAT-1","TGCCCAACAGCAAA-1","TGCGATGACCTCGT-1","TGCTAGGATAGTCG-1","TGCTGAGATTATCC-1","TGGAAAGATATGGC-1","TGGAAGCTCAGATC-1","TGGAGACTTCAAGC-1","TGGAGGGAGCTATG-1","TGGATCGATAAAGG-1","TGGCACCTTCACGA-1","TGGTATCTAAACAG-1","TGGTATCTCTTCCG-1","TGGTCAGACCCAAA-1","TGGTTACTGTTCTT-1","TGTAACCTAGAGGC-1","TGTAGGTGTGCTGA-1","TGTAGTCTTCCAGA-1","TGTATGCTGTAGGG-1","TGTATGCTTTCATC-1","TGTCAGGAATACCG-1","TGTCTAACCCCTTG-1","TGTGAGTGACCACA-1","TGTGATCTGACACT-1","TTAACCACCGTAAC-1","TTACACACTCCTAT-1","TTACTCGAGGGTGA-1","TTAGAATGTGGTGT-1","TTAGAATGTGTAGC-1","TTAGACCTCCTACC-1","TTAGCTACAACCGT-1","TTATGAGAGATAAG-1","TTCAACACAACAGA-1","TTCAAGCTTGATGC-1","TTCAAGCTTTCGCC-1","TTCAGACTACCCAA-1","TTCAGACTCTCGAA-1","TTCAGTACCGACTA-1","TTCAGTTGTCTAGG-1","TTCATTCTTCTCTA-1","TTCCATGACTGTCC-1","TTCCTAGAAAGTGA-1","TTCGATTGAGCATC-1","TTCGGAGATGTGCA-1","TTCGTATGGTCTGA-1","TTCTACGAACGTAC-1","TTCTCAGAAGAGAT-1","TTGAATGACTTACT-1","TTGACACTCTGTAG-1","TTGAGGTGGACGGA-1","TTGCATTGTGACTG-1","TTGCTAACCACTCC-1","TTGGGAACTGAACC-1","TTGGTACTCTTAGG-1","TTTAGCTGATACCG-1","TTTCACGAGGTTCA-1","TTTGCATGCCTCAC-1"
"B2M",40,26,41,24,12,19,13,33,42,19,33,71,16,44,38,43,67,76,49,29,27,43,73,34,73,47,47,39,16,6,33,28,10,23,32,21,58,41,6,62,28,69,55,20,46,25,36,42,31,25,28,74,19,23,45,25,13,36,36,58,37,17,39,19,39,53,33,40,86,31,12,29,51,42,28,8,43,28,45,145,52,34,30,108,8,59,33,44,48,37,34,39,26,36,31,33,23,25,38,50,14,44,28,15,32,59,36,66,15,40,55,27,63,50,33,53,52,24,34,45,32,57,31,33,29,24,33,35,37,42,45,53,38,36,33,40,24,56,33,16,24,41,14,29,44,18,60,50,24,15,29,30,99,21,35,36,30,32,88,44,54,33,47,90,110,39,29,30,23,26,27,55,44,31,40,50,33,28,39,46,16,23,50,11,42,26,21,25,58,61,36,37,21,20,36,31,68,47,33,37,21,26,41,26,32,88,72,32,49,21,52,79,26,39,18,35,29,44,25,48,52,50,12,37,28,25,35,38,33,47,5,37,37,32,15,42,80,21,22,32,35,55,29,47,34,34,35,29,27,49,25,29,43,26,36,26,28,17,25,41,75,54,40,26,44,38,57,35,13,34,28,27,23,32,61,72,29,36,36,32,25,27,42,18,26,34,57,22,51,74,41,46,28,14,15,40,32,73,19,19,45,91,21,30,32,32,38,34,35,39,58,27,18,35,19,24,25,15,15,19,62,24,57,44,30,34,19,56,54,64,50,52,25,10,36,50,50,125,26,25,30,31,36,43,63,12,22,29,36,16,8,49,36,27,27,38,34,36,48,48,29,23,57,47,42,62,53,26,43,97,28,19,32,66,30,58,35,39,37,33,20,46,49,19,39,22,40,36,17,32,36,24,28,19,17,34,27,17,32,30,17,51,44,46,27,35,33,33,21,78,17,36,30,60,95,35,27,33,33,36,30,20,21,55,25,42,50,28,23,33,59,30,23,35,35,27,21,20,8,48,29,25,28,41,41,97,47,43,28,27,31,32,67,57,68,37,35,19,53,27,42,36,18,27,52,27,45,41,23,23,46,31,41,30,33,26,40,36,56,54,47,65,31,22,53,7,33,44,40,37,26,29,47,38,50,45,44,37,55,15,57,38,22,39,33,44,38,40,35,23,42,30,60,6,47,11,27,26,48,37,42,29,21,33,25,31,17,41,39,24,25,25,40,65,40,29,36,26,49,20,28,66,33,25,22,35,24,32,32,51,36,46,28,25,22,23,36,29,35,23,38,38,77,19,38,46,49,94,28,39,29,42,32,16,31,23,106,33,48,32,10,44,60,34,74,28,40,25,51,42,28,22,19,22,29,37,63,36,30,13,12,25,40,5,31,66,15,47,27,40,18,15,20,36,37,29,24,54,18,44,29,22,41,55,20,41,30,23,43,23,75,26,29,31,38,50,31,38,18,34,30,24,25,32,41,28,45,42,45,46,34,36,19,47,31,63,31,51,56,22,85,23,14,44,16,37,26,6,49,175,31,39,92,72,44,26,28,36,40,39,38,23,12,33,18,14,39,48,49,1,45,51,28,22,4,22,54,49,67,45,44,30,29,42,61,24,44,50,43,27,18
"PPBP",0,0,0,0,0,0,0,0,0,0,0,0,0,0,0,0,0,0,0,0,0,0,0,0,0,0,0,0,0,0,0,0,0,0,0,0,0,0,0,0,0,0,0,0,0,0,0,0,0,0,0,0,0,0,0,0,0,0,0,0,0,0,0,0,0,0,0,0,0,0,0,0,0,0,0,0,0,0,0,0,0,0,0,0,0,0,0,0,0,0,0,0,0,0,0,0,0,0,0,0,0,0,1,0,0,0,0,0,0,0,0,0,0,0,0,0,0,0,0,0,0,0,0,0,0,0,0,0,0,0,0,0,0,0,0,0,0,0,0,0,0,0,0,0,0,0,0,0,0,0,0,0,0,0,0,0,0,0,0,0,0,0,0,0,0,0,0,0,0,0,0,0,0,0,0,0,0,0,0,0,0,0,0,0,0,0,0,0,0,0,0,0,0,0,0,0,0,0,0,0,0,0,0,0,0,0,0,0,0,0,0,0,0,0,0,0,0,0,0,0,0,0,0,0,0,0,0,0,0,0,0,0,0,0,0,0,0,0,0,0,0,0,0,0,0,0,0,0,0,0,0,1,0,0,0,0,0,0,0,0,0,0,0,0,0,0,0,0,0,0,0,0,1,0,0,0,0,0,0,0,0,0,1,0,0,0,0,0,0,0,0,0,0,0,0,0,0,0,0,0,0,0,0,0,0,0,0,0,0,0,0,0,0,0,0,0,0,0,0,0,0,0,0,0,0,0,0,0,0,0,0,0,0,0,0,0,0,0,10,0,0,0,0,0,0,0,0,0,0,0,0,0,0,0,0,0,0,0,0,0,0,0,0,0,0,0,0,0,0,0,0,0,0,0,0,0,0,0,0,0,0,0,0,0,0,0,0,0,0,0,0,0,0,0,0,0,0,0,0,0,0,0,0,0,0,0,0,0,0,0,0,0,0,0,0,0,1,0,0,0,0,0,0,0,0,0,0,0,0,0,0,0,0,0,0,0,0,0,0,0,0,0,0,0,0,0,0,0,0,0,0,0,0,0,0,0,0,0,0,0,0,0,0,0,0,0,0,0,0,0,0,0,0,0,0,0,0,0,0,0,0,0,0,0,0,0,0,0,0,0,0,0,0,0,0,0,0,0,0,0,0,0,0,0,0,0,0,0,0,0,0,0,0,0,0,0,0,0,0,0,0,0,0,0,0,0,0,0,0,0,0,0,0,0,0,0,0,0,0,0,0,0,0,0,0,0,0,0,0,0,0,0,0,0,0,0,0,0,0,0,0,0,0,0,0,0,0,0,0,0,0,0,0,0,1,0,0,0,0,0,0,0,0,1,0,0,0,0,0,0,0,0,0,0,0,0,0,0,0,0,0,0,0,0,0,0,0,0,0,0,0,0,0,0,0,0,0,0,0,0,0,0,0,0,0,0,0,0,0,0,0,0,0,0,0,0,0,0,0,0,0,0,0,0,0,0,0,0,0,0,0,0,0,0,0,0,0,0,0,0,0,0,0,1,0,0,0,0,0,0,0,0,0,0,0,0,0,0,0,0,0,0,0,0,0,0,0,0,0,0,0,0,0,0,0,0,0,0,0,0,0,0,0,0,0,0,0,0,0,0,0
"TMSB4X",23,49,45,17,12,21,25,44,30,19,20,31,36,34,28,54,30,39,31,63,37,30,56,28,62,30,34,39,46,21,32,33,13,66,43,15,28,28,11,67,46,78,67,18,31,32,23,31,22,43,56,41,18,8,34,20,15,37,23,46,14,20,52,18,37,44,46,30,45,36,8,37,46,33,32,18,31,29,32,40,44,29,38,44,24,25,39,39,30,38,23,25,47,65,33,49,33,50,22,59,16,34,37,13,28,35,31,43,31,41,38,33,49,31,31,41,40,28,36,33,50,26,38,42,28,18,44,24,76,43,31,31,54,22,28,35,27,31,34,14,35,31,28,24,31,8,43,67,24,18,37,16,37,27,27,44,25,36,31,28,32,43,37,49,26,59,18,31,12,36,29,32,31,32,39,41,46,52,37,62,21,21,45,4,54,30,15,64,44,21,35,33,31,27,35,45,40,26,39,31,24,19,38,20,41,60,26,34,43,24,47,20,43,52,33,35,31,43,35,60,37,41,14,20,42,29,48,41,35,40,1,37,43,42,28,38,33,14,38,20,29,38,51,38,76,51,32,21,21,44,25,19,34,23,27,17,18,66,45,46,52,67,40,37,38,47,40,39,30,24,41,26,46,28,48,48,22,42,28,36,51,48,51,20,43,67,43,82,34,41,20,74,10,16,7,32,18,26,24,27,52,45,30,35,55,37,35,43,38,38,48,36,17,46,19,27,21,21,15,23,31,13,51,50,19,32,27,36,69,89,47,71,24,21,39,51,22,28,39,22,56,36,32,21,57,34,32,36,39,20,3,49,24,14,38,33,14,37,29,41,31,33,39,26,33,63,58,38,25,45,29,20,31,72,53,24,40,47,36,32,13,41,36,14,39,49,26,28,17,20,32,36,31,17,16,38,28,14,20,30,14,56,35,37,28,49,29,21,8,45,20,45,37,43,23,29,36,46,26,31,36,28,30,49,42,36,59,22,24,52,22,21,21,21,104,25,32,26,19,53,30,34,30,23,24,48,24,28,31,44,47,22,35,33,24,25,51,37,19,24,36,44,21,32,46,24,34,45,30,24,73,35,30,27,32,13,37,28,25,42,56,28,25,28,29,17,40,33,24,31,32,11,29,33,60,32,26,31,39,28,47,114,18,31,33,38,76,40,27,34,51,19,31,26,47,10,37,28,26,35,46,21,33,39,24,43,26,34,35,23,58,19,31,45,35,23,13,34,37,38,31,33,28,43,30,29,34,33,41,32,37,34,68,36,41,22,40,31,52,34,40,34,37,23,40,41,27,51,22,39,18,41,41,22,61,22,21,32,73,54,16,37,42,21,51,23,47,32,51,22,33,21,14,28,20,30,81,47,55,21,2,13,60,13,33,31,22,26,20,36,28,13,31,25,41,25,21,41,20,30,28,26,31,80,17,26,30,21,87,45,50,15,38,30,33,31,28,35,26,30,23,24,27,26,46,32,113,24,49,45,51,62,31,82,39,57,29,35,41,18,26,37,15,61,13,24,34,5,51,61,32,18,29,30,50,20,39,22,48,33,81,26,36,43,24,18,26,28,48,26,33,65,23,28,12,31,35,46,47,34,42,37,24,33,41,28,43,54,43,24,35
"ACTB",8,11,15,2,2,4,5,9,11,9,9,12,7,10,38,7,7,11,6,7,2,12,17,2,23,3,12,18,6,5,5,10,3,3,8,6,3,4,4,10,8,13,3,6,16,13,27,7,6,12,14,5,3,4,11,3,0,10,8,18,6,3,17,12,18,7,13,12,13,2,1,8,15,17,9,0,12,6,22,3,6,5,2,12,3,7,10,14,11,15,6,2,12,24,7,10,9,5,12,17,2,14,5,4,4,7,3,21,1,8,10,6,8,9,14,9,2,4,16,6,36,17,7,16,12,6,5,5,23,8,5,13,18,10,8,14,2,12,19,6,6,4,4,5,13,6,4,20,2,10,8,1,4,10,6,2,13,10,18,3,8,18,5,5,7,28,7,12,2,7,29,10,7,7,8,3,7,13,12,13,1,6,14,6,14,7,3,13,15,13,14,8,5,18,4,43,14,9,8,5,5,5,24,3,7,4,8,17,6,7,5,5,5,9,12,14,11,14,1,14,12,14,2,9,8,9,20,15,12,6,3,9,11,9,0,17,14,1,8,7,7,9,11,2,18,17,11,6,9,9,1,8,18,3,8,6,6,1,8,11,14,16,20,3,18,9,17,11,1,7,6,8,6,2,12,5,9,11,10,16,4,5,8,4,15,13,9,2,4,6,6,19,9,4,8,17,6,14,2,6,14,17,5,5,8,10,6,4,10,12,14,3,4,16,5,6,5,7,4,13,9,4,4,15,8,1,1,13,5,4,6,9,3,8,12,15,2,28,16,11,1,8,10,11,5,8,13,2,5,4,0,8,23,7,4,11,15,4,3,11,10,10,16,6,9,10,14,4,4,9,12,13,8,11,15,8,3,6,3,6,4,10,6,5,10,3,4,3,1,5,10,3,6,5,7,7,4,4,8,13,2,4,13,5,18,18,9,5,2,10,1,8,9,8,9,9,15,11,7,9,14,12,6,30,8,10,10,11,7,9,12,10,7,19,10,9,7,5,4,6,15,7,4,9,17,5,18,12,4,9,21,5,7,18,19,5,7,8,21,6,11,13,5,7,30,11,2,8,19,11,8,9,4,4,3,4,13,27,13,8,18,7,21,7,11,8,23,12,3,6,3,6,7,17,0,44,10,21,14,5,17,16,8,18,12,8,13,7,11,2,11,4,10,2,12,0,4,8,6,4,3,5,3,9,5,8,3,3,10,3,16,7,10,10,7,3,13,9,3,9,14,5,15,7,14,4,2,8,4,16,8,1,7,8,14,9,6,7,16,8,7,6,16,6,10,13,3,6,11,15,9,9,7,2,18,0,9,20,9,3,11,2,7,4,27,5,11,1,21,1,22,3,9,9,4,4,5,3,6,6,4,3,25,4,5,27,11,7,11,9,7,8,6,4,6,5,6,1,8,6,1,4,4,7,5,7,16,5,25,14,16,5,16,13,7,19,10,15,5,1,4,12,11,5,2,5,15,10,18,7,2,8,8,7,5,6,8,16,20,5,5,12,6,9,5,5,8,4,20,4,6,4,2,8,9,4,4,4,9,13,19,5,2,2,16,6,8,6,7,2,6,6,7,3,5,5,1,10,7,13,14,3,9,23,3,10,8,11,11,3,10
"FTL",0,4,9,3,2,5,3,7,39,4,3,4,1,9,5,5,6,10,6,8,8,5,7,5,10,10,1,12,2,4,9,6,5,4,3,1,7,6,1,3,3,10,11,2,6,5,8,6,2,5,3,4,7,0,2,2,1,5,5,9,12,1,8,2,2,9,9,4,5,6,2,6,1,7,5,4,13,6,0,3,4,6,2,8,1,3,7,3,7,7,1,3,2,3,10,2,4,3,28,10,6,3,4,4,28,3,0,9,8,3,6,3,1,8,3,9,7,5,2,4,2,1,31,5,7,4,10,7,7,10,8,8,7,3,5,8,5,2,4,2,7,4,4,1,4,2,4,5,19,3,6,3,1,6,6,6,11,30,14,4,57,2,9,8,6,6,4,2,5,3,9,10,7,7,13,3,6,5,1,7,9,2,7,2,7,3,4,3,16,4,2,4,7,9,7,2,9,2,5,4,1,5,16,1,9,3,3,4,5,5,7,12,2,6,3,7,12,6,9,3,9,6,6,3,6,4,4,2,4,8,2,5,6,3,4,8,6,0,4,1,7,2,11,3,3,6,4,6,7,6,2,9,3,6,10,2,5,6,6,8,3,13,2,4,9,9,13,2,3,6,4,9,8,4,8,7,5,9,5,4,5,9,5,4,6,12,7,5,7,3,1,12,1,2,1,8,3,14,7,4,2,10,4,3,1,4,6,6,9,5,9,7,2,8,2,9,2,4,3,0,7,1,8,5,9,6,0,9,6,2,8,5,1,3,7,2,11,11,4,9,2,7,11,7,10,2,5,4,4,0,0,1,4,11,3,5,5,1,1,9,8,1,5,4,14,3,53,2,4,3,3,1,3,8,7,4,7,11,4,3,3,2,54,4,7,7,6,4,3,6,3,6,3,1,6,13,0,4,5,4,5,8,2,6,6,3,4,13,2,2,6,4,11,10,6,5,0,4,3,7,5,2,1,2,13,5,1,10,3,2,43,4,5,7,6,7,9,1,1,4,6,9,7,4,6,9,4,9,4,6,7,9,4,8,3,2,5,0,1,8,6,5,1,51,4,2,2,6,5,2,17,4,4,33,11,3,7,10,5,9,6,9,6,3,7,10,8,9,6,5,7,2,8,4,8,8,4,5,5,2,7,7,3,3,9,2,7,5,7,5,6,0,8,1,2,2,4,1,1,6,5,4,5,4,3,8,4,7,1,10,4,0,52,12,5,5,6,6,10,2,6,4,8,5,0,7,5,8,6,8,5,6,4,1,6,8,2,4,7,1,4,3,3,1,6,3,4,2,6,4,2,3,9,2,1,2,6,3,7,3,2,5,7,5,12,6,9,0,11,40,3,1,1,7,3,10,3,7,4,10,0,1,8,1,2,1,1,5,5,11,3,0,8,9,2,1,5,3,4,4,10,5,5,8,2,8,7,7,3,9,11,1,4,5,4,3,11,3,6,2,3,6,5,3,1,1,4,2,6,6,2,9,5,5,6,4,4,10,10,7,5,8,5,2,2,2,7,11,4,8,9,14,6,3,2,8,1,4,5,8,4,8,16,4,6,2,6,3,3,0,3,6,5,3,0,4,5,5,8,7,4,7,4,4,8,8,5,8,8,7,11
"CLU",0,0,0,0,0,0,0,0,0,0,0,0,0,0,0,0,0,0,0,0,0,0,0,0,0,0,0,0,0,0,0,0,0,0,0,0,0,0,0,0,0,0,0,0,0,1,0,0,0,0,0,0,0,0,0,0,0,0,0,0,0,0,0,0,0,0,0,0,0,0,0,0,0,0,0,0,0,0,0,0,0,0,0,0,0,0,0,0,0,0,0,0,0,0,0,0,0,0,1,0,0,0,0,0,0,0,0,0,0,0,0,0,0,0,0,0,0,0,0,0,0,0,0,0,0,0,0,0,0,0,0,0,0,0,0,0,0,0,0,0,0,0,0,0,0,0,0,0,0,0,0,0,0,0,0,0,0,0,0,0,0,0,0,0,0,0,0,0,0,0,0,0,0,0,0,0,0,0,0,0,0,0,0,0,0,0,0,0,0,0,0,0,0,0,0,0,1,0,0,0,0,0,0,0,0,0,0,0,0,0,0,0,0,0,0,0,0,0,0,0,0,0,0,0,0,0,0,0,0,0,0,0,0,0,0,0,0,0,0,0,0,0,0,0,0,0,0,0,0,0,0,0,0,0,0,0,0,0,0,0,0,0,0,0,0,0,0,0,0,0,0,0,0,0,0,0,0,0,0,0,0,0,0,0,0,0,0,0,0,0,0,0,0,0,0,0,0,0,0,0,0,0,0,0,0,0,0,0,0,0,0,0,0,0,0,0,0,0,0,0,0,0,0,0,0,0,0,0,0,0,0,0,0,0,0,0,0,0,0,0,0,0,0,0,0,0,0,0,0,0,0,0,0,0,0,0,0,0,0,0,0,0,0,0,0,0,0,0,0,0,0,0,0,0,0,0,0,0,0,0,0,0,0,0,0,0,0,0,0,0,0,0,0,0,0,0,0,0,0,0,0,0,0,0,0,0,0,0,0,0,0,0,0,0,0,0,0,0,0,0,0,0,0,0,0,0,0,0,0,0,0,0,0,0,0,0,0,0,0,0,0,0,0,0,0,0,0,0,0,0,0,0,0,0,0,0,0,0,0,0,0,0,0,0,0,0,0,0,0,0,0,0,0,0,0,0,0,0,0,0,0,0,0,0,0,0,0,0,0,0,0,0,0,0,0,0,0,0,0,0,0,0,0,0,0,0,0,0,0,0,0,0,0,0,0,0,0,0,0,0,0,0,0,0,0,0,0,0,0,0,1,0,0,0,0,0,0,0,0,0,0,0,0,0,0,0,0,0,0,0,0,0,0,0,0,0,0,0,0,0,0,0,0,0,0,0,0,0,0,0,0,0,0,0,0,0,0,0,0,0,0,0,0,0,0,0,0,0,0,0,0,0,0,0,0,0,0,0,0,0,0,0,0,0,0,0,0,0,0,0,0,0,0,0,0,0,0,0,0,0,0,1,0,0,0,0,0,0,0,0,0,0,0,0,0,0,0,0,0,0,0,0,0,0,0,0,0,0,0,0,0,0,0,0,0,0,0,0,0,0,0,0,0,0,0,0,0,0,0,0,0,1,0,0,0,0,0,0,0,0,0,0,0,0,0,0,0,0,0,0,0,0,0,0,0,0,0,0,0,0,0,0,0,0,0,0,0,0,0,0,0
"PF4",0,0,0,0,0,0,0,0,0,0,0,0,0,0,0,0,0,0,0,0,0,0,0,0,0,0,0,0,0,0,0,0,0,0,0,0,0,0,0,0,0,0,0,0,0,0,0,0,0,0,0,0,0,0,0,0,0,0,0,0,0,0,0,0,0,0,1,0,0,0,0,0,0,0,0,0,0,0,0,0,0,1,0,0,0,0,0,0,0,0,0,0,0,0,0,0,0,0,0,0,0,0,0,0,0,0,0,0,0,0,0,0,0,0,0,0,0,0,0,0,0,0,0,0,0,0,0,0,0,0,0,0,0,0,0,0,0,0,0,0,0,0,0,0,0,0,0,0,0,0,0,0,0,0,0,0,0,0,0,0,0,0,0,0,0,0,0,0,0,0,0,0,0,0,0,0,0,0,0,0,0,0,0,0,0,0,0,0,0,0,0,0,0,0,0,0,0,0,0,0,0,0,0,0,0,0,0,0,0,0,0,0,0,0,0,0,0,0,0,0,0,0,0,0,0,0,0,0,0,0,0,0,0,0,0,0,0,0,0,0,0,0,0,0,0,0,0,0,0,0,0,0,0,0,0,0,0,0,0,0,0,0,0,0,0,0,0,0,0,0,0,0,0,0,0,0,0,0,0,0,0,0,0,0,0,0,0,0,0,0,0,0,0,0,0,0,0,0,0,0,0,0,0,0,0,0,0,0,0,0,0,0,0,0,0,0,0,0,0,0,0,0,0,0,0,0,0,0,0,0,0,0,0,0,0,0,0,0,2,0,0,0,0,0,0,0,0,0,0,0,0,0,0,0,0,0,0,0,0,0,0,0,0,0,0,0,0,0,0,0,0,0,0,0,0,1,0,0,0,0,0,0,0,0,0,0,0,0,0,0,0,0,0,0,0,0,0,0,0,0,0,0,0,0,0,0,0,0,0,0,0,0,0,0,0,0,0,0,0,0,0,0,0,0,0,0,0,0,0,0,0,0,0,0,0,0,0,0,0,0,0,0,0,0,0,0,0,0,0,0,0,0,0,0,0,0,0,0,0,0,0,0,0,0,0,0,0,0,0,0,0,0,0,0,0,0,0,0,0,0,0,0,0,0,0,0,0,0,0,0,0,0,0,0,0,0,0,0,0,0,0,0,0,0,0,0,0,0,0,0,0,0,0,0,0,0,0,0,0,0,0,0,0,0,0,0,0,0,0,0,0,0,0,0,0,0,0,0,0,0,0,0,0,0,0,0,0,0,0,0,0,0,0,0,0,0,0,0,0,0,0,0,0,0,0,0,0,0,0,0,0,0,0,0,0,0,0,0,0,0,0,0,0,0,0,0,0,0,0,0,0,0,0,0,0,0,0,0,0,0,0,0,0,0,0,0,0,0,0,0,0,0,0,0,0,0,0,0,0,0,0,0,0,0,0,0,0,0,0,0,0,0,0,0,0,0,0,0,0,0,0,0,0,0,0,0,0,0,0,0,0,0,0,0,0,0,0,0,0,0,0,0,0,0,0,0,0,0,0,0,0,0,0,0,0,0,0,0,0,0,0,0,0,0,0,0,0,0,0,0,0,0,0,0,0,0,0,0,0,0,0,0,0,0,0,0,0,0,0,0,0
"F13A1",0,0,0,0,0,0,0,0,0,0,0,0,0,0,0,0,0,0,0,0,0,0,0,0,0,0,0,0,0,0,0,0,0,0,0,0,0,0,0,0,0,0,0,0,0,0,0,0,0,0,0,0,0,0,0,0,0,0,0,0,0,0,0,0,0,0,0,0,0,0,0,0,0,0,0,0,0,0,0,0,0,0,0,0,0,0,0,0,0,0,0,0,0,0,0,0,0,0,0,0,0,0,0,0,0,0,0,0,0,0,0,0,0,0,0,0,0,0,0,0,0,0,0,0,0,0,0,0,0,0,0,0,0,0,1,0,0,0,0,0,0,0,0,0,0,0,0,0,0,0,0,0,0,0,0,0,0,0,0,0,0,0,0,0,0,0,0,0,0,0,0,0,0,0,0,0,0,0,0,0,0,0,0,0,0,0,0,0,0,0,0,0,0,0,0,0,0,0,0,0,0,0,0,0,0,0,0,0,0,0,0,0,0,0,0,0,0,0,0,0,0,0,0,0,0,0,0,0,0,0,0,0,0,0,0,0,0,0,0,0,0,0,0,0,0,0,0,1,0,0,0,0,0,0,0,0,0,0,0,0,0,0,0,0,0,0,0,0,0,0,0,0,0,0,0,0,0,0,0,0,0,0,0,0,0,0,0,0,0,0,0,0,0,0,0,0,0,0,0,0,0,0,0,0,0,0,0,0,0,0,0,0,0,0,0,0,0,0,0,0,0,0,0,0,0,0,0,0,0,0,0,0,0,0,0,0,0,0,0,0,0,0,0,0,0,0,0,0,0,0,0,0,0,0,0,0,0,0,0,0,0,0,0,0,0,0,0,0,0,0,0,0,0,0,0,0,0,0,0,0,0,0,0,0,0,0,0,0,0,0,0,0,0,0,0,0,0,0,0,0,0,0,0,0,0,0,0,0,0,0,0,0,0,0,0,0,0,0,0,0,0,0,0,0,0,0,0,0,0,0,0,0,0,0,0,0,0,0,0,0,0,0,0,0,0,0,0,0,0,0,0,0,0,0,0,0,0,0,0,0,0,0,0,0,0,0,0,0,0,0,0,0,0,0,0,0,0,0,0,0,0,0,0,0,0,0,0,0,0,0,0,0,0,0,0,0,0,0,0,0,0,0,0,0,0,0,0,0,0,0,0,0,0,0,0,0,0,0,0,0,0,0,0,0,0,0,0,0,0,0,0,0,0,0,0,0,0,0,0,0,0,0,0,0,0,0,1,0,0,0,0,0,0,0,0,0,0,0,0,0,0,0,0,0,0,0,0,0,0,0,0,0,0,0,0,0,0,0,0,0,0,0,0,0,0,0,0,0,0,0,0,0,0,0,0,0,0,0,0,0,0,0,0,0,0,0,0,0,0,0,0,0,0,0,0,0,0,0,0,0,0,0,0,0,0,0,0,0,0,0,0,0,0,0,0,0,0,0,0,0,0,1,0,0,0,0,0,0,0,0,0,0,0,0,0,0,0,0,0,0,0,0,0,0,0,0,0,0,0,0,0,0,0,0,0,0,0,0,0,0,0,0,0,0,0,0,0,0,0,0,0,0,0,0,1,0,0,0,0,0,0,0,0,0,0,0,1,0,0,0,0
"GNAS",1,2,1,0,1,0,0,0,1,0,0,1,0,1,0,0,0,0,1,0,0,1,0,1,0,0,0,0,0,0,0,0,0,0,0,0,0,1,0,1,0,0,0,0,1,0,0,0,0,0,0,0,0,0,1,0,0,2,0,0,1,0,1,2,0,1,1,0,0,0,0,0,0,0,0,0,0,2,0,0,0,0,0,1,0,0,0,0,0,1,0,0,0,0,0,1,2,1,0,0,0,0,0,0,0,0,0,1,0,0,0,0,0,0,2,1,0,0,0,0,1,0,0,1,0,0,0,0,0,0,0,1,1,0,0,0,0,0,0,0,0,0,0,0,0,0,0,0,1,0,0,0,0,0,0,0,2,1,0,0,1,0,0,1,0,0,0,0,0,0,0,0,0,0,0,0,0,0,0,0,0,0,1,0,2,0,0,1,0,1,0,1,0,0,0,0,0,1,1,0,0,1,0,0,0,0,0,0,0,0,0,0,0,1,0,0,0,0,0,1,0,0,0,0,0,0,0,1,0,0,4,0,2,0,0,0,0,0,0,0,0,0,1,0,1,0,1,0,2,0,1,0,0,0,0,0,0,0,0,0,1,1,0,0,0,0,1,0,0,0,0,0,0,0,1,1,0,0,0,2,0,0,0,2,0,0,0,0,0,0,0,0,0,0,0,1,0,0,0,0,0,0,0,2,0,1,0,0,0,0,0,0,0,0,1,0,0,0,0,0,0,0,0,1,0,0,0,0,3,1,1,1,0,1,0,0,0,2,0,0,0,0,0,0,1,0,0,1,1,0,0,0,0,0,0,0,0,0,0,1,0,0,1,0,0,0,0,0,1,0,0,0,0,0,0,0,0,1,0,0,0,1,0,1,0,0,1,1,0,0,0,0,0,1,0,0,1,0,0,2,0,1,0,0,0,0,1,0,0,0,0,0,0,0,1,0,0,0,0,1,0,0,0,1,0,1,0,0,0,0,0,1,0,1,1,0,0,0,0,0,0,0,0,0,2,0,0,1,0,0,0,0,0,0,0,1,1,0,0,0,0,1,0,0,0,0,0,0,0,0,0,0,0,1,0,1,0,0,1,2,0,0,0,0,0,0,1,1,0,0,0,1,0,0,0,0,0,0,2,0,0,0,0,0,0,0,1,0,0,0,0,0,0,0,0,0,0,0,0,1,0,0,0,0,0,0,1,0,0,0,1,0,1,0,0,0,0,0,1,0,0,0,0,0,1,1,2,0,0,0,0,1,1,0,1,1,1,0,0,0,0,0,0,0,0,1,0,0,1,0,0,0,0,0,0,0,0,0,0,0,0,0,0,0,1,0,0,0,0,0,0,0,0,1,0,0,0,2,0,0,0,0,0,1,0,2,0,0,0,0,0,0,0,0,0,0,0,0,0,0,0,0,0,0,0,0,0,0,0,0,1,0,0,0,0,0,0,1,0,2,0,0,0,0,2,0,0,0,1,0,0,0,0,1,0,0,1,1,0,0,1,0,1,1,0,0,0,1,0,0,0,0,0,0,0,1,1,0,0,0,0,0,0,0,0,0,0,2,0,0,0,1,0,0,0,0,0,0,1,0,0,0,0,1,0,0,2,0,0,0,0
"SPARC",0,0,0,0,0,0,0,0,0,0,0,0,0,0,0,0,0,0,0,0,0,0,0,0,0,0,0,0,0,0,0,0,0,0,0,0,0,0,0,0,0,0,0,0,0,0,0,0,0,0,0,0,0,0,0,0,0,0,0,0,0,0,0,0,0,0,0,0,0,0,0,0,0,0,0,0,0,0,0,0,0,0,0,0,0,0,0,0,0,0,0,0,0,0,0,0,0,0,0,0,0,0,0,0,0,0,0,0,0,0,0,0,0,0,0,0,0,0,0,0,0,0,0,0,0,0,0,0,0,0,0,0,0,0,0,0,0,0,0,0,0,0,0,1,0,0,0,0,0,0,0,0,0,0,0,0,0,0,0,0,0,0,0,0,0,0,0,0,0,0,0,0,0,0,0,0,0,0,0,0,0,0,0,0,0,0,0,0,0,0,0,0,0,0,0,0,0,0,0,0,0,0,0,0,0,0,0,0,0,0,0,0,0,0,0,0,0,0,0,0,0,0,0,0,0,0,0,0,0,0,0,0,0,0,0,0,0,0,0,0,0,0,1,0,0,0,0,0,0,0,0,0,0,0,0,0,0,0,0,0,0,0,0,0,0,0,0,0,0,0,0,0,0,0,0,0,0,0,0,0,0,0,0,0,0,0,0,0,0,0,0,0,0,0,0,0,0,0,0,0,0,0,0,0,0,0,0,0,0,0,0,0,0,0,0,0,0,0,0,0,0,0,0,0,0,0,0,0,0,0,0,0,0,0,0,0,0,0,0,0,0,0,0,0,0,0,0,0,0,0,0,0,0,0,0,0,0,0,0,0,0,0,0,0,0,0,0,0,0,0,0,0,0,0,0,0,0,0,0,0,0,0,0,0,0,0,0,0,0,0,0,0,0,0,0,0,0,0,0,0,0,0,0,0,0,0,0,0,0,0,0,0,0,0,0,0,0,0,0,0,0,0,0,0,0,0,0,0,0,0,0,0,0,0,0,0,0,0,0,0,0,0,0,0,0,0,0,0,0,0,0,0,0,0,0,0,0,0,0,0,0,0,0,0,0,0,0,0,0,1,0,0,0,0,0,0,0,0,0,0,0,0,0,0,0,0,0,0,0,0,0,0,0,0,0,0,0,0,0,0,0,0,0,0,0,0,0,0,0,0,0,0,0,0,0,0,0,0,0,0,0,0,0,0,0,0,0,0,0,0,0,0,0,0,0,0,0,0,0,0,0,1,0,0,0,0,0,0,0,0,0,0,0,0,0,0,0,0,0,0,0,0,0,0,0,0,0,0,0,0,0,0,0,0,0,0,0,0,0,0,0,0,0,0,0,0,0,0,0,0,0,0,0,0,0,0,0,0,0,0,0,0,0,0,0,0,0,0,0,0,0,0,0,0,0,0,0,0,0,0,0,0,0,0,0,0,0,0,0,0,0,0,0,0,0,0,0,0,0,0,0,0,0,0,0,0,0,0,0,0,0,0,0,0,0,0,0,0,0,0,0,0,0,0,0,0,0,0,0,0,0,0,0,0,0,0,0,0,0,0,0,0,0,0,0,0,0,0,0,0,0,0,0,0,0,0,0,0,0,0,0,0,0,0,0,0,0,0,0,0,0
"PTMA",4,3,9,2,1,6,4,11,4,2,34,16,10,5,4,8,8,7,9,7,12,16,3,8,15,9,3,8,10,6,12,10,0,17,12,1,13,4,2,7,3,13,21,7,11,4,5,4,6,3,21,9,5,1,9,3,1,8,9,13,6,2,19,2,10,14,4,3,13,10,4,16,6,8,3,5,6,5,9,4,8,7,9,4,2,6,8,5,5,6,10,2,3,11,9,6,7,5,32,14,2,26,10,7,8,8,5,11,4,12,10,7,12,3,6,11,9,7,7,9,7,13,7,11,3,5,10,10,11,10,15,12,7,7,17,8,3,10,13,5,8,12,5,9,8,5,8,16,4,4,7,4,12,4,11,2,4,8,12,6,12,2,8,7,3,5,1,6,6,12,9,9,6,1,8,15,12,9,7,8,7,3,5,0,9,4,19,6,9,12,10,5,7,4,3,4,12,5,10,6,3,5,9,4,10,6,11,6,2,7,4,5,12,8,36,9,12,13,9,13,8,13,1,8,8,5,3,11,4,7,0,9,9,3,0,9,2,4,17,3,5,4,7,3,17,6,5,9,5,25,3,8,11,8,3,10,7,4,8,12,8,14,7,9,6,13,12,6,4,6,6,9,10,9,8,6,15,5,7,7,9,9,9,2,0,5,3,1,11,10,8,10,3,7,6,8,6,9,7,1,6,4,8,15,16,3,21,4,10,4,10,12,3,8,5,8,3,3,2,6,14,1,10,9,6,5,5,8,12,10,5,21,3,1,8,7,8,12,3,5,2,8,10,10,10,11,2,4,6,3,2,10,10,14,9,9,4,5,4,7,9,4,4,6,3,14,8,11,6,11,12,10,5,7,6,8,12,7,11,9,3,6,12,2,3,5,7,11,3,10,5,5,5,10,8,2,2,6,5,10,6,6,3,13,9,10,12,12,0,6,1,8,10,8,4,18,8,7,6,9,19,5,5,14,11,10,14,10,7,8,7,14,5,5,8,10,6,10,2,8,6,7,4,12,6,12,7,14,15,5,14,8,6,11,6,9,9,4,9,11,6,9,3,12,18,4,3,11,8,2,8,9,12,7,2,5,10,11,4,8,8,4,7,6,9,8,10,8,11,5,11,8,11,10,8,5,6,9,10,2,3,4,7,7,9,7,9,8,11,4,11,5,9,3,9,1,9,3,8,8,23,5,5,10,5,7,5,12,13,6,2,8,14,12,6,7,4,2,7,1,4,1,6,1,6,7,5,2,8,2,8,2,7,2,12,5,8,10,6,3,3,9,3,10,4,6,3,9,12,11,8,8,8,8,11,6,8,16,8,2,8,9,13,4,18,8,7,5,7,10,19,2,0,9,3,5,9,14,10,3,2,1,7,1,5,9,3,8,9,12,4,1,7,9,5,8,4,6,7,7,10,12,10,8,5,7,8,6,6,13,11,3,18,7,11,4,8,7,11,9,5,3,6,15,3,8,7,8,14,4,4,6,5,6,7,9,7,11,13,5,13,5,7,8,21,4,9,9,13,6,17,21,4,3,7,8,9,4,3,7,9,9,1,4,28,7,9,9,9,5,5,10,3,7,0,5,7,12,10,14,12,3,6,2,6,4,16,9,7,7,7
"TAGLN2",0,0,1,0,1,0,1,0,0,2,2,1,0,3,0,3,0,1,0,0,1,1,0,0,0,0,2,0,0,0,0,0,0,0,0,0,1,1,1,0,0,1,0,0,2,0,2,0,0,1,1,1,0,0,1,0,0,1,0,1,2,0,1,0,0,1,2,0,0,3,0,0,0,0,0,0,0,0,0,0,0,0,0,0,0,0,0,1,0,0,1,1,0,1,1,1,0,0,2,0,3,3,0,2,0,0,2,1,0,0,2,0,0,1,0,0,0,0,0,2,3,0,0,0,0,0,2,0,1,1,0,3,0,0,0,0,0,1,0,0,2,0,0,1,0,2,0,1,0,0,0,0,0,3,0,0,0,0,0,0,3,1,0,0,0,2,0,0,1,0,0,0,1,0,0,1,1,0,0,1,0,0,1,0,1,1,0,0,1,0,1,1,0,1,0,0,1,0,0,1,2,0,2,0,0,3,0,0,0,0,0,0,1,1,2,0,3,0,0,0,3,3,0,0,4,0,1,0,0,0,0,0,1,1,0,0,2,0,1,0,1,2,1,0,0,0,0,0,0,0,0,0,1,0,1,0,0,0,0,0,1,2,0,0,1,3,0,0,1,0,1,0,0,0,1,2,0,1,0,0,1,0,1,2,1,1,0,1,0,1,1,0,0,1,0,0,2,0,1,0,1,1,0,0,2,1,1,0,0,0,0,2,0,1,0,0,0,0,0,0,0,0,1,0,0,1,0,1,0,0,1,2,0,0,0,1,0,0,1,1,0,0,0,1,1,0,1,0,0,0,0,3,0,1,2,0,0,1,0,1,0,0,1,0,0,4,0,0,1,1,0,0,0,1,0,2,0,4,0,1,1,0,0,0,0,0,0,1,1,1,1,1,0,0,0,1,0,0,0,1,0,1,1,1,0,0,0,2,0,1,1,0,0,0,0,4,0,0,0,3,0,0,0,0,0,2,0,0,0,1,0,0,0,0,1,0,0,0,0,0,6,0,1,1,1,2,1,0,1,0,1,0,0,1,1,1,0,0,0,0,0,0,0,1,1,0,0,0,0,1,0,0,0,2,1,0,0,0,1,0,0,0,0,0,0,0,2,0,1,0,1,0,0,0,1,2,0,0,1,1,1,2,0,0,1,0,1,0,0,0,0,0,1,0,2,1,0,0,2,1,0,1,1,1,0,1,0,2,2,1,0,2,0,2,0,0,0,0,0,1,0,2,0,1,0,2,0,2,0,1,3,1,0,1,1,1,0,0,0,0,1,1,0,0,1,1,0,1,2,0,1,1,0,0,2,0,1,1,1,1,0,0,0,1,0,0,1,0,1,1,2,1,0,0,0,0,0,0,1,1,0,0,1,0,0,2,0,1,0,0,1,0,1,0,0,0,1,1,0,3,0,0,0,2,1,2,0,0,1,0,0,0,0,0,0,0,1,0,0,1,0,0,3,0,0,0,0,1,0,1,2,1,1,0,1,0,0,1,0,1,0,0,0,1,0,1,1,2,1,1,1,4,1,0,0,0,0,0,0,1,0,0,0,0,0,0,2,0,0,0,0,0,0,0,0,0,0,1,0,1,1,0,2,0,0,0,0,0,1,0,0
"OAZ1",1,1,8,1,2,2,0,2,5,0,1,5,0,3,3,1,1,2,2,2,2,1,2,4,3,4,1,0,4,2,1,1,1,1,1,2,1,1,1,1,3,3,5,0,3,1,4,1,2,2,2,3,3,1,4,2,1,2,0,2,2,3,2,0,4,2,2,3,8,0,0,0,2,1,0,1,5,1,3,3,0,2,2,1,0,4,3,4,2,1,1,1,1,1,2,4,1,2,6,5,2,3,2,0,1,2,2,0,1,6,4,0,3,1,3,4,4,1,4,2,1,3,0,1,0,2,2,2,4,1,0,2,3,1,0,3,1,2,3,0,1,2,1,0,1,1,1,4,2,1,1,1,2,0,0,2,3,0,4,1,7,1,2,1,0,2,1,2,0,1,3,4,0,2,3,1,3,0,2,4,0,1,4,0,3,2,3,4,0,2,2,5,0,3,4,2,5,4,3,0,0,6,0,4,0,2,3,4,2,2,0,2,1,3,2,3,3,3,1,3,4,6,1,2,1,1,4,3,0,1,0,1,4,1,0,0,2,0,1,1,2,0,2,1,0,5,3,0,2,1,0,2,0,1,2,0,1,0,4,0,1,5,0,0,3,6,1,2,1,1,0,0,2,1,2,3,1,1,3,3,1,2,2,1,5,0,2,0,0,0,5,3,1,1,0,4,0,3,4,0,0,1,2,1,3,2,1,1,2,0,3,1,0,2,1,22,1,1,0,2,3,0,4,5,1,3,1,3,2,3,3,2,1,1,2,1,1,3,2,3,5,2,5,2,2,1,4,3,3,1,0,2,0,4,1,2,1,1,10,1,4,2,1,0,2,1,2,1,3,2,4,0,2,2,3,2,1,3,1,2,1,3,1,2,4,2,1,1,1,2,2,1,1,1,0,1,0,1,2,2,3,3,4,3,0,2,2,1,0,1,1,0,2,1,1,2,2,2,2,1,5,0,3,3,3,1,1,2,0,0,0,5,0,4,1,1,3,1,0,1,0,1,0,3,1,4,4,1,1,1,0,2,1,1,5,0,1,2,0,2,0,1,0,0,2,1,0,3,1,4,1,1,1,1,0,1,1,2,1,2,3,2,3,1,3,1,1,1,1,1,2,0,2,2,0,2,0,3,2,1,2,3,0,1,2,0,2,1,3,0,1,2,1,1,5,2,5,3,1,2,4,3,3,0,2,3,1,2,1,0,1,1,1,3,2,1,2,4,3,0,2,4,2,3,1,1,3,0,0,3,1,2,1,0,0,0,2,1,1,2,4,4,3,1,3,2,2,2,3,1,1,1,0,1,3,1,0,3,4,1,0,2,2,0,4,2,3,0,4,0,3,1,0,5,1,3,2,4,1,0,0,1,3,0,0,4,0,3,0,1,1,0,4,6,1,0,3,4,1,1,2,1,3,2,1,3,2,1,5,2,2,2,1,4,1,3,1,2,3,2,3,3,3,1,1,5,3,2,4,1,3,2,1,2,2,4,3,1,1,1,3,1,0,2,2,3,1,2,3,2,4,2,1,4,4,2,3,0,4,1,2,0,1,4,3,1,2,1,4,0,0,2,1,1,4,2,3,0,1,0,3,1,3,2,2,0,3,9,4,3,43
"OST4",0,0,2,2,0,1,0,0,0,1,0,1,1,3,0,9,0,0,2,0,0,1,1,2,1,2,1,2,0,1,1,0,0,1,2,0,2,0,0,2,0,1,1,0,1,0,0,2,0,0,1,4,0,0,1,0,0,11,1,0,2,0,2,0,0,4,1,1,1,2,0,3,1,0,1,2,1,1,2,0,0,2,0,1,0,1,0,0,0,0,0,0,2,1,1,0,1,0,1,0,1,1,1,0,0,0,1,1,2,1,3,2,0,1,2,3,1,1,1,1,2,2,1,2,0,0,1,0,1,0,0,0,1,1,1,2,0,1,1,0,0,1,1,0,0,0,0,1,1,1,0,1,1,2,1,0,0,0,0,0,1,0,1,0,0,1,1,2,0,2,0,0,1,1,1,2,2,2,1,0,0,1,0,0,2,1,0,1,3,1,0,1,0,0,2,0,2,0,0,0,0,0,4,1,0,2,3,0,2,1,1,0,0,2,2,0,2,1,3,2,0,1,0,1,2,1,2,2,0,1,0,0,2,1,1,2,0,0,0,0,0,2,1,0,0,1,0,2,1,1,1,2,2,0,0,2,0,0,0,1,1,2,0,1,1,2,0,2,1,3,1,0,0,0,2,1,1,1,0,13,1,1,1,1,1,2,2,0,1,3,0,0,1,2,1,0,0,1,2,0,0,0,1,0,1,2,1,1,1,4,1,1,2,1,1,0,1,0,0,1,0,0,0,0,1,0,0,1,1,1,1,3,0,0,0,0,0,2,2,1,0,2,3,2,1,0,1,1,0,0,0,1,1,2,0,0,1,1,0,0,0,0,2,1,0,2,3,0,1,2,4,0,0,3,0,1,1,1,0,2,1,0,1,2,1,1,0,0,1,1,2,0,1,0,2,0,0,1,0,1,2,1,2,1,3,1,0,0,0,0,0,1,0,1,0,0,0,1,1,1,2,0,0,3,1,2,0,2,1,1,0,3,0,1,1,2,0,0,2,0,1,1,0,4,1,1,0,5,1,2,3,1,0,2,0,0,1,1,2,1,1,1,1,0,1,0,0,1,5,1,0,1,0,1,0,2,0,1,1,0,1,1,1,2,0,0,0,1,0,2,1,2,0,0,1,1,0,0,0,0,3,1,1,1,1,2,1,0,2,2,0,0,0,1,1,0,2,1,2,3,1,0,1,3,1,0,0,1,0,1,1,0,1,0,2,1,0,2,1,2,1,0,0,0,0,0,0,0,2,2,2,1,0,1,1,0,0,0,1,2,1,1,1,0,1,0,1,0,0,0,0,1,1,0,3,0,0,2,2,0,0,1,0,0,3,1,0,0,2,3,0,0,0,2,0,0,0,0,0,1,0,0,1,0,0,2,0,0,1,0,3,0,1,0,1,0,2,1,0,1,1,1,4,3,1,1,0,0,1,1,3,1,2,1,1,2,1,1,1,2,0,0,0,1,2,1,3,0,2,1,1,0,0,0,1,0,0,2,1,0,4,2,0,0,0,2,1,0,0,1,2,0,1,1,2,0,0,0,0,2,1,0,1,0,0,0,0,2,0,0,1,4,0,1,0,2,1,0,1,0,1,0,1,0,0,1,0,2,0,1,2
