"","AAACCGTGTATGCG-1","AACCTTACGCGAGA-1","AACGCCCTCGTACA-1","AACGTCGAGTATCG-1","AAGATTACCTCAAG-1","AAGCAAGAGCTTAG-1","AAGCAAGAGGTGTT-1","AAGTAGGATACAGC-1","AATACTGAATTGGC-1","AATCCTTGGTGAGG-1","AATCTCTGCTTTAC-1","ACAAATTGTTGCGA-1","ACAACCGAGGGATG-1","ACAATTGATGACTG-1","ACACCCTGGTGTTG-1","ACAGGTACTGGTGT-1","ACCTGGCTAAGTAG-1","ACGAACACCTTGTT-1","ACGCAATGGTTCAG-1","ACGCTGCTGTTCTT-1","ACGGAACTCAGATC-1","ACGTGATGTGACAC-1","ACGTTGGAGCCAAT-1","ACTGCCACTCCGTC-1","ACTGGCCTTCAGTG-1","ACTTCAACGTAGGG-1","AGAACAGAAATGCC-1","AGATATACCCGTAA-1","AGATTCCTGTTCAG-1","AGCCTCTGCCAATG-1","AGCGATTGAGATCC-1","AGGATGCTTTAGGC-1","AGGGACGAGTCAAC-1","AGTAATACATCACG-1","AGTCACGATGAGCT-1","ATACTCTGGTATGC-1","ATCCCGTGCAGTCA-1","ATCTTTCTTGTCCC-1","ATGAAGGACTTGCC-1","ATGATAACTTCACT-1","ATGATATGGTGCTA-1","ATGGACACGCATCA-1","ATGGGTACATCGGT-1","ATTAACGATGAGAA-1","ATTCCAACTTAGGC-1","CAAGGTTGTCTGGA-1","CAATCTACTGACTG-1","CAGATGACATTCTC-1","CAGCAATGGAGGGT-1","CAGCGGACCTTTAC-1","CAGCTCTGTGTGGT-1","CAGTTTACACACGT-1","CATCAGGACTTCCG-1","CATCAGGATAGCCA-1","CATGAGACGTTGAC-1","CATTACACCAACTG-1","CATTTCGAGATACC-1","CCTCGAACACTTTC-1","CGACCACTAAAGTG-1","CGACCACTGCCAAT-1","CGAGGCTGACGCTA-1","CGCCGAGAGCTTAG-1","CGGCGAACGACAAA-1","CGGCGAACTACTTC-1","CGTACCTGGCATCA-1","CGTGTAGAGTTACG-1","CGTGTAGATTCGGA-1","CTAAACCTCTGACA-1","CTAACGGAACCGAT-1","CTACGCACTGGTCA-1","CTACTCCTATGTCG-1","CTAGTTACGAAACA-1","CTATACTGCTACGA-1","CTATACTGTCTCAT-1","CTCGACTGGTTGAC-1","CTGAGAACGTAAAG-1","CTTTAGTGACGGGA-1","GAACCAACTTCCGC-1","GAAGTGCTAAACGA-1","GAATGCACCTTCGC-1","GAATTAACGTCGTA-1","GACGGCACACGGGA-1","GAGCGCTGAAGATG-1","GAGGTACTGACACT-1","GAGGTGGATCCTCG-1","GATAGAGAAGGGTG-1","GATCCCTGACCTTT-1","GCACACCTGTGCTA-1","GCACCACTTCCTTA-1","GCAGGGCTATCGAC-1","GCCGGAACGTTCTT-1","GCCTACACAGTTCG-1","GCGCATCTTGCTCC-1","GCGCGATGGTGCAT-1","GGAAGGTGGCGAGA-1","GGACGCTGTCCTCG-1","GGAGGCCTCGTTGA-1","GGCAAGGAAAAAGC-1","GGCATATGCTTATC-1","GGCCGAACTCTAGG-1","GGCTAAACACCTGA-1","GGGTTAACGTGCAT-1","GTAGTGTGAGCGGA-1","GTCGACCTGAATGA-1","GTGATTCTGGTTCA-1","GTTAAAACCGAGAG-1","GTTCAACTGGGACA-1","GTTGACGATATCGG-1","TAACTCACTCTACT-1","TAAGAGGACTTGTT-1","TAATGCCTCGTCTC-1","TACGGCCTGGGACA-1","TACTACTGATGTCG-1","TACTCTGAATCGAC-1","TACTGTTGAGGCGA-1","TAGCATCTCAGCTA-1","TAGCCCACAGCTAC-1","TAGGGACTGAACTC-1","TAGTGGTGAAGTGA-1","TAGTTAGAACCACA-1","TATGAATGGAGGAC-1","TATGGGTGCATCAG-1","TATTTCCTGGAGGT-1","TCAACACTGTTTGG-1","TCAGACGACGTTAG-1","TCCCGAACACAGTC-1","TCCTAAACCGCATA-1","TCGATTTGCAGCTA-1","TCTAACACCAGTTG-1","TGATAAACTCCGTC-1","TGCACAGACGACAT-1","TGCCACTGCGATAC-1","TGCTGAGAGAGCAG-1","TGGAACACAAACAG-1","TGGTAGACCCTCAC-1","TGTAATGACACAAC-1","TGTAATGAGGTAAA-1","TTACTCGATCTACT-1","TTAGTCTGCCAACA-1","TTCCAAACTCCCAC-1","TTCCCACTTGAGGG-1","TTCTAGTGGAGAGC-1","TTCTGATGGAGACG-1","TTGTCATGGACGGA-1"
"B2M",35,46,85,101,86,82,38,54,67,60,77,78,55,63,75,78,77,49,42,63,67,72,86,67,83,56,59,108,84,42,76,67,54,47,130,63,73,80,76,48,67,31,77,54,81,49,122,82,63,46,42,182,67,46,77,96,78,62,66,84,48,37,73,84,66,79,75,87,78,116,115,82,48,66,87,40,91,48,60,71,37,73,44,48,79,75,96,52,65,65,49,71,74,72,49,41,92,81,58,54,59,66,78,63,58,97,74,93,75,96,137,49,83,55,49,68,59,81,58,68,92,124,94,66,86,79,50,68,20,70,64,68,62,56,71,55,50,98,100,28,55,54,113,76
"PPBP",0,0,0,0,0,0,0,0,0,0,0,0,0,0,0,0,0,0,0,0,0,0,0,0,0,0,0,0,0,0,0,0,0,0,0,0,0,0,0,0,0,0,0,0,0,0,0,0,0,0,0,0,0,0,0,0,0,0,0,0,0,0,0,0,0,0,0,0,0,0,0,0,0,0,0,0,0,0,0,0,0,0,0,0,0,0,0,0,0,0,0,0,0,0,0,0,0,0,0,0,0,0,0,0,0,0,0,0,0,0,0,0,0,0,0,0,0,0,0,0,0,0,0,0,0,0,0,0,0,0,0,0,0,0,0,0,0,0,0,0,0,0,0,0
"TMSB4X",21,27,44,32,46,43,32,28,44,30,23,56,42,41,34,28,44,84,28,37,39,30,24,27,28,33,42,35,60,36,31,28,30,23,57,30,34,25,54,33,28,25,32,16,32,46,76,29,24,42,22,147,19,37,42,55,43,26,42,40,19,23,22,41,41,40,26,67,46,44,39,47,32,29,40,39,25,23,28,68,22,31,28,45,41,27,40,17,51,60,27,43,32,75,29,28,53,58,27,40,51,40,62,24,29,37,21,64,69,38,89,22,58,30,28,47,99,29,34,43,70,89,50,65,44,36,41,32,16,25,58,48,33,16,50,40,18,32,33,17,30,19,41,36
"ACTB",21,11,47,37,19,24,24,23,19,10,10,71,12,21,16,17,11,23,9,52,16,9,3,8,9,8,12,34,18,6,22,18,21,1,24,3,16,38,15,15,15,16,13,1,11,25,19,10,7,22,18,30,12,9,27,68,38,10,32,11,3,12,42,10,28,9,11,31,15,25,24,18,39,10,18,16,16,19,63,24,13,19,21,17,20,14,12,17,12,12,7,25,10,52,15,15,15,26,13,23,4,24,20,12,5,29,15,64,29,31,114,17,66,35,9,23,25,15,30,17,21,96,25,27,30,8,23,6,2,12,41,31,54,11,14,7,4,31,27,10,3,10,27,20
"FTL",18,4,3,4,10,6,4,5,4,2,5,5,5,3,7,4,13,8,1,4,22,3,7,12,8,5,1,4,7,2,3,11,4,4,8,5,13,5,3,1,4,2,9,5,4,4,8,2,4,8,3,9,5,4,5,7,3,5,4,7,3,8,3,8,10,8,1,8,3,7,5,6,10,6,7,3,9,1,3,3,3,4,7,5,8,1,6,5,2,4,3,8,8,10,6,5,6,6,7,2,32,4,3,7,5,2,2,3,5,14,1,3,3,5,4,3,1,1,6,7,4,5,3,8,5,6,2,5,3,5,3,3,4,4,13,3,2,9,3,3,7,6,7,6
"CLU",0,0,0,0,0,0,0,0,0,0,0,0,0,0,0,0,0,0,0,0,0,0,0,0,0,0,0,0,0,0,0,0,0,0,0,0,0,0,0,0,0,0,0,0,0,0,0,0,0,0,0,0,0,0,0,0,0,0,0,0,0,0,0,0,0,0,0,0,0,0,0,0,0,0,0,0,0,0,0,0,0,0,0,0,0,0,0,0,0,0,0,0,0,0,0,0,0,0,0,0,0,0,0,0,0,0,0,0,0,0,0,0,0,0,0,0,0,0,0,0,0,0,0,0,0,0,0,0,0,0,0,0,0,0,0,0,0,0,0,0,0,0,0,0
"PF4",0,0,0,0,0,0,0,0,0,0,0,0,0,0,0,0,0,0,0,0,0,0,0,0,0,0,0,0,0,0,0,0,0,0,0,0,0,0,0,0,0,0,0,0,0,0,0,0,0,0,0,0,0,0,0,0,0,0,0,0,0,0,0,0,0,0,0,0,0,0,0,0,0,0,0,0,0,0,0,0,0,0,0,0,0,0,0,0,0,0,0,0,0,0,0,0,0,0,0,0,0,0,0,0,0,0,0,0,0,0,0,0,0,0,0,0,0,0,0,0,0,0,0,0,0,0,0,0,0,0,0,0,0,0,0,0,0,0,0,0,0,0,0,0
"F13A1",0,0,0,0,0,0,0,0,0,0,0,0,0,0,0,0,0,0,0,0,0,0,0,0,0,0,0,0,0,0,0,0,0,0,0,0,0,0,0,0,0,0,0,0,0,0,0,0,0,0,0,0,0,0,0,0,0,0,0,0,0,0,0,0,0,0,0,0,0,0,0,0,0,0,0,0,0,0,0,0,0,0,0,0,0,0,0,0,0,0,0,0,0,0,0,0,0,0,0,0,0,0,0,0,0,0,0,0,0,0,0,0,0,0,0,0,0,0,0,0,0,0,0,0,0,0,0,0,0,0,0,0,0,0,0,0,0,0,0,0,0,0,0,0
"GNAS",0,0,0,0,0,1,0,0,0,0,0,1,0,0,0,2,0,0,0,2,1,1,0,0,1,1,0,0,0,0,0,0,0,0,0,0,0,0,1,0,1,0,0,0,0,1,0,1,1,0,0,1,0,0,0,0,0,0,0,0,2,1,0,1,2,2,0,0,0,0,2,0,1,0,0,0,0,0,0,0,1,0,0,0,0,1,0,0,0,0,0,1,1,1,0,2,0,0,0,1,0,0,0,0,0,0,1,1,0,2,0,2,0,0,0,0,0,0,0,0,0,1,0,2,0,1,0,1,0,0,1,0,0,0,1,0,0,3,0,0,0,0,1,0
"SPARC",0,0,0,0,0,0,0,0,0,0,0,0,0,0,0,0,0,0,0,0,0,0,0,0,0,0,0,0,0,0,0,0,0,0,0,0,0,0,0,0,0,0,0,0,0,0,0,0,0,0,0,0,0,0,0,0,0,0,0,0,0,0,0,0,0,0,0,0,0,0,0,0,0,0,0,0,0,0,0,0,0,0,0,0,0,0,0,0,0,0,0,0,0,0,0,0,0,0,0,0,0,0,0,0,0,0,0,0,0,0,0,0,0,0,0,0,0,0,0,0,0,0,0,0,0,0,0,0,0,0,0,0,0,0,0,0,0,0,0,0,0,0,0,0
"PTMA",3,2,4,11,3,6,9,6,9,8,2,7,5,3,3,7,8,7,1,7,12,4,9,12,12,19,4,7,6,6,7,3,5,5,18,9,14,6,5,2,10,3,2,5,5,7,8,1,8,9,4,20,5,5,6,8,2,5,10,6,3,7,2,8,11,7,6,7,7,10,11,6,9,6,7,7,7,5,4,2,8,8,5,5,6,10,8,0,7,5,8,3,9,32,3,4,7,11,5,5,6,5,9,6,8,24,4,12,9,11,31,4,11,6,4,9,16,11,8,8,9,27,4,8,7,4,9,5,5,7,9,10,9,1,7,13,3,6,6,3,1,5,9,7
"TAGLN2",0,0,0,1,0,3,0,0,0,1,0,1,3,0,0,2,0,1,0,4,1,1,0,0,0,1,2,3,3,4,0,0,1,0,4,1,0,1,0,0,1,0,1,0,3,0,0,3,0,1,1,1,2,0,1,0,3,0,0,1,0,0,2,1,2,1,0,1,2,1,0,0,0,3,0,0,0,0,0,1,0,0,1,0,0,1,0,0,0,0,0,5,0,1,0,1,0,1,3,1,1,1,1,0,2,3,0,1,0,0,4,1,0,0,0,2,2,0,1,0,0,6,1,5,0,1,0,0,2,0,3,1,1,0,4,0,0,1,1,1,1,1,1,1
"OAZ1",2,1,0,3,1,1,0,0,2,0,0,0,7,1,4,1,2,3,1,1,6,4,1,3,2,1,3,8,4,2,3,0,3,2,6,1,3,2,2,1,1,1,5,1,0,0,4,1,1,2,2,3,0,1,2,3,2,1,1,2,1,1,3,3,1,4,2,1,0,5,3,4,3,1,0,4,1,3,2,13,1,0,0,4,3,3,2,1,4,1,6,2,2,3,0,1,4,4,3,1,3,3,1,2,4,6,3,2,0,4,5,2,4,5,6,1,4,2,6,3,1,7,1,4,1,0,1,0,1,2,3,4,2,2,2,5,0,2,1,0,3,4,2,3
"OST4",0,1,0,0,1,0,0,1,1,1,1,0,1,0,2,1,0,1,0,0,1,0,1,1,1,0,0,1,1,1,0,2,0,0,1,0,0,2,0,1,3,0,0,0,2,0,0,1,0,2,1,1,0,0,2,0,2,0,1,2,0,1,0,1,1,0,0,0,1,1,0,0,1,0,3,1,0,0,1,1,1,0,2,1,1,1,1,0,0,0,0,0,0,0,0,1,0,2,0,0,0,1,0,1,1,1,0,2,0,1,3,1,0,0,1,0,0,1,1,3,0,0,0,1,0,3,1,0,1,1,3,1,0,0,0,1,0,0,0,0,0,1,4,0
