"","ACCCACTGGTTCAG-1","ACCTGAGATATCGG-1","ACGAACTGGCTATG-1","AGTCTTACTTCGGA-1","ATCATCTGACACCA-1","ATTCAGCTCATTGG-1","GACGCTCTCTCTCG-1","GAGTTGTGGTAGCT-1","GCGCATCTGGTTAC-1","GGAACACTTCAGAC-1","GGCATATGGGGAGT-1","GTCATACTTCGCCT-1","TAACACCTTGTTTC-1","TTACGTACGTTCAG-1"
"B2M",3,8,120,14,17,37,17,78,10,21,12,28,24,37
"PPBP",22,21,36,34,36,43,66,54,28,30,41,55,47,58
"TMSB4X",10,27,218,34,41,72,61,73,47,58,68,98,129,93
"ACTB",10,55,90,24,33,46,42,37,12,16,30,35,38,80
"FTL",4,38,220,8,2,1,4,11,13,7,7,5,10,4
"CLU",0,1,3,3,8,14,4,6,0,5,5,11,16,15
"PF4",9,8,23,14,14,14,9,62,24,6,11,18,23,23
"F13A1",1,0,3,0,1,1,0,1,0,0,1,4,2,3
"GNAS",0,1,5,0,0,2,0,0,1,0,1,1,1,0
"SPARC",2,0,5,3,2,8,3,9,1,4,3,2,2,3
"PTMA",3,3,41,1,2,1,2,9,25,2,0,5,4,3
"TAGLN2",5,1,24,3,4,6,4,11,2,3,3,10,6,8
"OAZ1",4,7,92,6,10,14,8,29,5,10,9,20,13,15
"OST4",0,0,9,1,4,4,1,6,3,2,1,3,4,2
